date,name,value
1873-01-01,Iztacalco,1
1882-01-01,Benito Juarez,1
1887-01-01,Cuajimalpa de Morelos,1
1902-01-01,Gustavo A. Madero,1
1902-01-01,Iztapalapa,1
1902-01-01,Miguel Hidalgo,1
1906-01-01,Coyoacan,1
1909-01-01,Alvaro Obregon,1
1911-01-01,Miguel Hidalgo,1
1912-01-01,Coyoacan,1
1912-01-01,Miguel Hidalgo,1
1913-01-01,Coyoacan,1
1914-01-01,Benito Juarez,2
1914-01-01,Cuajimalpa de Morelos,1
1914-01-01,Tlalpan,2
1915-01-01,Azcapotzalco,1
1915-01-01,Benito Juarez,3
1915-01-01,Cuajimalpa de Morelos,2
1915-01-01,Cuauhtemoc,1
1915-01-01,Gustavo A. Madero,1
1915-01-01,Iztapalapa,1
1915-01-01,La Magdalena Contreras,2
1915-01-01,Miguel Hidalgo,4
1915-01-01,Tlalpan,1
1915-01-01,Alvaro Obregon,1
1916-01-01,Coyoacan,2
1916-01-01,Cuajimalpa de Morelos,5
1916-01-01,Gustavo A. Madero,1
1916-01-01,Iztacalco,1
1916-01-01,Miguel Hidalgo,9
1916-01-01,Tlalpan,1
1916-01-01,Alvaro Obregon,1
1917-01-01,Benito Juarez,3
1917-01-01,Cuajimalpa de Morelos,3
1917-01-01,Cuauhtemoc,1
1917-01-01,Gustavo A. Madero,1
1917-01-01,La Magdalena Contreras,1
1917-01-01,Miguel Hidalgo,9
1917-01-01,Tlalpan,3
1917-01-01,Venustiano Carranza,1
1917-01-01,Xochimilco,2
1917-01-01,Alvaro Obregon,5
1918-01-01,Azcapotzalco,1
1918-01-01,Benito Juarez,2
1918-01-01,Cuajimalpa de Morelos,7
1918-01-01,Gustavo A. Madero,5
1918-01-01,Iztacalco,1
1918-01-01,Iztapalapa,1
1918-01-01,La Magdalena Contreras,1
1918-01-01,Miguel Hidalgo,6
1918-01-01,Tlalpan,2
1918-01-01,Alvaro Obregon,4
1919-01-01,Benito Juarez,1
1919-01-01,Coyoacan,1
1919-01-01,Cuajimalpa de Morelos,2
1919-01-01,Gustavo A. Madero,1
1919-01-01,Miguel Hidalgo,5
1919-01-01,Tlalpan,1
1919-01-01,Venustiano Carranza,1
1920-01-01,Azcapotzalco,2
1920-01-01,Benito Juarez,1
1920-01-01,Coyoacan,1
1920-01-01,Cuajimalpa de Morelos,3
1920-01-01,Gustavo A. Madero,3
1920-01-01,Miguel Hidalgo,12
1920-01-01,Tlalpan,1
1920-01-01,Venustiano Carranza,1
1920-01-01,Xochimilco,1
1920-01-01,Alvaro Obregon,8
1921-01-01,Azcapotzalco,1
1921-01-01,Benito Juarez,4
1921-01-01,Coyoacan,1
1921-01-01,Cuajimalpa de Morelos,14
1921-01-01,Cuauhtemoc,3
1921-01-01,Gustavo A. Madero,3
1921-01-01,Iztacalco,2
1921-01-01,Iztapalapa,2
1921-01-01,La Magdalena Contreras,4
1921-01-01,Miguel Hidalgo,8
1921-01-01,Tlalpan,2
1921-01-01,Tlahuac,1
1921-01-01,Xochimilco,1
1921-01-01,Alvaro Obregon,2
1922-01-01,Azcapotzalco,4
1922-01-01,Benito Juarez,2
1922-01-01,Coyoacan,1
1922-01-01,Cuajimalpa de Morelos,7
1922-01-01,Cuauhtemoc,3
1922-01-01,Gustavo A. Madero,4
1922-01-01,Iztacalco,1
1922-01-01,Iztapalapa,3
1922-01-01,La Magdalena Contreras,2
1922-01-01,Miguel Hidalgo,12
1922-01-01,Tlahuac,2
1922-01-01,Venustiano Carranza,1
1922-01-01,Alvaro Obregon,5
1923-01-01,Azcapotzalco,2
1923-01-01,Benito Juarez,2
1923-01-01,Coyoacan,3
1923-01-01,Cuajimalpa de Morelos,9
1923-01-01,Cuauhtemoc,1
1923-01-01,Gustavo A. Madero,8
1923-01-01,Iztapalapa,1
1923-01-01,La Magdalena Contreras,1
1923-01-01,Miguel Hidalgo,16
1923-01-01,Milpa Alta,1
1923-01-01,Tlalpan,5
1923-01-01,Tlahuac,1
1923-01-01,Venustiano Carranza,4
1923-01-01,Xochimilco,3
1923-01-01,Alvaro Obregon,4
1924-01-01,Azcapotzalco,2
1924-01-01,Benito Juarez,1
1924-01-01,Coyoacan,2
1924-01-01,Cuajimalpa de Morelos,10
1924-01-01,Cuauhtemoc,1
1924-01-01,Gustavo A. Madero,3
1924-01-01,Iztacalco,2
1924-01-01,Iztapalapa,2
1924-01-01,La Magdalena Contreras,2
1924-01-01,Miguel Hidalgo,3
1924-01-01,Tlalpan,1
1924-01-01,Tlahuac,1
1924-01-01,Venustiano Carranza,1
1924-01-01,Xochimilco,1
1924-01-01,Alvaro Obregon,5
1925-01-01,Azcapotzalco,2
1925-01-01,Benito Juarez,2
1925-01-01,Coyoacan,1
1925-01-01,Cuajimalpa de Morelos,1
1925-01-01,Cuauhtemoc,4
1925-01-01,Gustavo A. Madero,3
1925-01-01,Iztapalapa,2
1925-01-01,La Magdalena Contreras,1
1925-01-01,Miguel Hidalgo,1
1925-01-01,Venustiano Carranza,1
1925-01-01,Xochimilco,3
1925-01-01,Alvaro Obregon,2
1926-01-01,Azcapotzalco,3
1926-01-01,Coyoacan,1
1926-01-01,Gustavo A. Madero,3
1926-01-01,Iztacalco,2
1926-01-01,Iztapalapa,1
1926-01-01,La Magdalena Contreras,2
1926-01-01,Miguel Hidalgo,1
1926-01-01,Milpa Alta,1
1926-01-01,Tlalpan,2
1926-01-01,Venustiano Carranza,2
1926-01-01,Xochimilco,1
1926-01-01,Alvaro Obregon,2
1927-01-01,Azcapotzalco,10
1927-01-01,Benito Juarez,2
1927-01-01,Coyoacan,2
1927-01-01,Cuajimalpa de Morelos,4
1927-01-01,Cuauhtemoc,3
1927-01-01,Gustavo A. Madero,8
1927-01-01,Iztacalco,2
1927-01-01,Iztapalapa,8
1927-01-01,La Magdalena Contreras,4
1927-01-01,Miguel Hidalgo,4
1927-01-01,Tlalpan,3
1927-01-01,Tlahuac,1
1927-01-01,Venustiano Carranza,5
1927-01-01,Xochimilco,5
1927-01-01,Alvaro Obregon,1
1928-01-01,Azcapotzalco,8
1928-01-01,Benito Juarez,5
1928-01-01,Cuajimalpa de Morelos,21
1928-01-01,Cuauhtemoc,2
1928-01-01,Gustavo A. Madero,9
1928-01-01,Iztacalco,6
1928-01-01,Iztapalapa,9
1928-01-01,La Magdalena Contreras,10
1928-01-01,Miguel Hidalgo,4
1928-01-01,Tlalpan,3
1928-01-01,Venustiano Carranza,2
1928-01-01,Xochimilco,3
1928-01-01,Alvaro Obregon,2
1929-01-01,Azcapotzalco,4
1929-01-01,Benito Juarez,2
1929-01-01,Coyoacan,3
1929-01-01,Cuajimalpa de Morelos,10
1929-01-01,Cuauhtemoc,2
1929-01-01,Gustavo A. Madero,8
1929-01-01,Iztacalco,7
1929-01-01,Iztapalapa,3
1929-01-01,La Magdalena Contreras,6
1929-01-01,Miguel Hidalgo,3
1929-01-01,Milpa Alta,1
1929-01-01,Tlalpan,4
1929-01-01,Venustiano Carranza,1
1929-01-01,Xochimilco,2
1929-01-01,Alvaro Obregon,3
1930-01-01,Azcapotzalco,8
1930-01-01,Benito Juarez,4
1930-01-01,Coyoacan,7
1930-01-01,Cuajimalpa de Morelos,14
1930-01-01,Cuauhtemoc,6
1930-01-01,Gustavo A. Madero,9
1930-01-01,Iztacalco,8
1930-01-01,Iztapalapa,5
1930-01-01,La Magdalena Contreras,2
1930-01-01,Miguel Hidalgo,7
1930-01-01,Milpa Alta,3
1930-01-01,Tlalpan,8
1930-01-01,Tlahuac,1
1930-01-01,Venustiano Carranza,4
1930-01-01,Alvaro Obregon,9
1931-01-01,Azcapotzalco,9
1931-01-01,Benito Juarez,5
1931-01-01,Coyoacan,7
1931-01-01,Cuajimalpa de Morelos,23
1931-01-01,Cuauhtemoc,4
1931-01-01,Gustavo A. Madero,10
1931-01-01,Iztacalco,12
1931-01-01,Iztapalapa,9
1931-01-01,La Magdalena Contreras,5
1931-01-01,Miguel Hidalgo,2
1931-01-01,Tlalpan,4
1931-01-01,Venustiano Carranza,4
1931-01-01,Xochimilco,6
1931-01-01,Alvaro Obregon,5
1932-01-01,Azcapotzalco,6
1932-01-01,Benito Juarez,7
1932-01-01,Coyoacan,6
1932-01-01,Cuajimalpa de Morelos,7
1932-01-01,Cuauhtemoc,6
1932-01-01,Gustavo A. Madero,13
1932-01-01,Iztacalco,7
1932-01-01,Iztapalapa,10
1932-01-01,La Magdalena Contreras,2
1932-01-01,Miguel Hidalgo,5
1932-01-01,Milpa Alta,2
1932-01-01,Tlalpan,3
1932-01-01,Tlahuac,1
1932-01-01,Venustiano Carranza,1
1932-01-01,Xochimilco,4
1932-01-01,Alvaro Obregon,3
1933-01-01,Azcapotzalco,9
1933-01-01,Benito Juarez,6
1933-01-01,Coyoacan,2
1933-01-01,Cuajimalpa de Morelos,24
1933-01-01,Cuauhtemoc,2
1933-01-01,Gustavo A. Madero,9
1933-01-01,Iztacalco,3
1933-01-01,Iztapalapa,6
1933-01-01,La Magdalena Contreras,3
1933-01-01,Miguel Hidalgo,2
1933-01-01,Milpa Alta,1
1933-01-01,Tlalpan,3
1933-01-01,Venustiano Carranza,2
1933-01-01,Xochimilco,6
1933-01-01,Alvaro Obregon,3
1934-01-01,Azcapotzalco,15
1934-01-01,Benito Juarez,3
1934-01-01,Coyoacan,5
1934-01-01,Cuajimalpa de Morelos,26
1934-01-01,Cuauhtemoc,7
1934-01-01,Gustavo A. Madero,27
1934-01-01,Iztacalco,14
1934-01-01,Iztapalapa,9
1934-01-01,La Magdalena Contreras,20
1934-01-01,Miguel Hidalgo,6
1934-01-01,Milpa Alta,1
1934-01-01,Tlalpan,10
1934-01-01,Tlahuac,2
1934-01-01,Venustiano Carranza,7
1934-01-01,Xochimilco,8
1934-01-01,Alvaro Obregon,9
1935-01-01,Azcapotzalco,19
1935-01-01,Benito Juarez,11
1935-01-01,Coyoacan,5
1935-01-01,Cuajimalpa de Morelos,38
1935-01-01,Cuauhtemoc,13
1935-01-01,Gustavo A. Madero,15
1935-01-01,Iztacalco,14
1935-01-01,Iztapalapa,6
1935-01-01,La Magdalena Contreras,12
1935-01-01,Miguel Hidalgo,5
1935-01-01,Tlalpan,6
1935-01-01,Tlahuac,3
1935-01-01,Venustiano Carranza,5
1935-01-01,Xochimilco,3
1935-01-01,Alvaro Obregon,5
1936-01-01,Azcapotzalco,26
1936-01-01,Benito Juarez,9
1936-01-01,Coyoacan,7
1936-01-01,Cuajimalpa de Morelos,47
1936-01-01,Cuauhtemoc,5
1936-01-01,Gustavo A. Madero,24
1936-01-01,Iztacalco,11
1936-01-01,Iztapalapa,10
1936-01-01,La Magdalena Contreras,12
1936-01-01,Miguel Hidalgo,10
1936-01-01,Milpa Alta,3
1936-01-01,Tlalpan,4
1936-01-01,Tlahuac,1
1936-01-01,Venustiano Carranza,4
1936-01-01,Xochimilco,8
1936-01-01,Alvaro Obregon,8
1937-01-01,Azcapotzalco,22
1937-01-01,Benito Juarez,7
1937-01-01,Coyoacan,7
1937-01-01,Cuajimalpa de Morelos,32
1937-01-01,Cuauhtemoc,4
1937-01-01,Gustavo A. Madero,22
1937-01-01,Iztacalco,29
1937-01-01,Iztapalapa,13
1937-01-01,La Magdalena Contreras,9
1937-01-01,Miguel Hidalgo,7
1937-01-01,Tlalpan,4
1937-01-01,Tlahuac,5
1937-01-01,Venustiano Carranza,5
1937-01-01,Xochimilco,5
1937-01-01,Alvaro Obregon,8
1938-01-01,Azcapotzalco,15
1938-01-01,Benito Juarez,15
1938-01-01,Coyoacan,11
1938-01-01,Cuajimalpa de Morelos,41
1938-01-01,Cuauhtemoc,6
1938-01-01,Gustavo A. Madero,25
1938-01-01,Iztacalco,15
1938-01-01,Iztapalapa,14
1938-01-01,La Magdalena Contreras,19
1938-01-01,Milpa Alta,4
1938-01-01,Tlalpan,7
1938-01-01,Tlahuac,1
1938-01-01,Venustiano Carranza,8
1938-01-01,Xochimilco,9
1938-01-01,Alvaro Obregon,9
1939-01-01,Azcapotzalco,4
1939-01-01,Benito Juarez,5
1939-01-01,Coyoacan,8
1939-01-01,Cuajimalpa de Morelos,25
1939-01-01,Cuauhtemoc,6
1939-01-01,Gustavo A. Madero,18
1939-01-01,Iztacalco,12
1939-01-01,Iztapalapa,19
1939-01-01,La Magdalena Contreras,4
1939-01-01,Miguel Hidalgo,4
1939-01-01,Tlalpan,2
1939-01-01,Tlahuac,4
1939-01-01,Venustiano Carranza,8
1939-01-01,Xochimilco,3
1939-01-01,Alvaro Obregon,3
1940-01-01,Azcapotzalco,7
1940-01-01,Benito Juarez,4
1940-01-01,Coyoacan,10
1940-01-01,Cuajimalpa de Morelos,22
1940-01-01,Cuauhtemoc,8
1940-01-01,Gustavo A. Madero,16
1940-01-01,Iztacalco,16
1940-01-01,Iztapalapa,12
1940-01-01,La Magdalena Contreras,3
1940-01-01,Miguel Hidalgo,2
1940-01-01,Milpa Alta,3
1940-01-01,Tlalpan,5
1940-01-01,Tlahuac,3
1940-01-01,Venustiano Carranza,7
1940-01-01,Xochimilco,7
1940-01-01,Alvaro Obregon,4
1941-01-01,Azcapotzalco,29
1941-01-01,Benito Juarez,10
1941-01-01,Coyoacan,22
1941-01-01,Cuajimalpa de Morelos,51
1941-01-01,Cuauhtemoc,13
1941-01-01,Gustavo A. Madero,42
1941-01-01,Iztacalco,29
1941-01-01,Iztapalapa,24
1941-01-01,La Magdalena Contreras,23
1941-01-01,Miguel Hidalgo,7
1941-01-01,Milpa Alta,1
1941-01-01,Tlalpan,8
1941-01-01,Tlahuac,4
1941-01-01,Venustiano Carranza,18
1941-01-01,Xochimilco,11
1941-01-01,Alvaro Obregon,13
1942-01-01,Azcapotzalco,26
1942-01-01,Benito Juarez,11
1942-01-01,Coyoacan,16
1942-01-01,Cuajimalpa de Morelos,34
1942-01-01,Cuauhtemoc,9
1942-01-01,Gustavo A. Madero,39
1942-01-01,Iztacalco,23
1942-01-01,Iztapalapa,23
1942-01-01,La Magdalena Contreras,20
1942-01-01,Miguel Hidalgo,3
1942-01-01,Milpa Alta,13
1942-01-01,Tlalpan,18
1942-01-01,Tlahuac,5
1942-01-01,Venustiano Carranza,11
1942-01-01,Xochimilco,21
1942-01-01,Alvaro Obregon,5
1943-01-01,Azcapotzalco,39
1943-01-01,Benito Juarez,10
1943-01-01,Coyoacan,18
1943-01-01,Cuajimalpa de Morelos,47
1943-01-01,Cuauhtemoc,18
1943-01-01,Gustavo A. Madero,47
1943-01-01,Iztacalco,25
1943-01-01,Iztapalapa,18
1943-01-01,La Magdalena Contreras,26
1943-01-01,Miguel Hidalgo,9
1943-01-01,Milpa Alta,2
1943-01-01,Tlalpan,17
1943-01-01,Tlahuac,3
1943-01-01,Venustiano Carranza,8
1943-01-01,Xochimilco,14
1943-01-01,Alvaro Obregon,8
1944-01-01,Azcapotzalco,24
1944-01-01,Benito Juarez,11
1944-01-01,Coyoacan,17
1944-01-01,Cuajimalpa de Morelos,49
1944-01-01,Cuauhtemoc,13
1944-01-01,Gustavo A. Madero,21
1944-01-01,Iztacalco,17
1944-01-01,Iztapalapa,24
1944-01-01,La Magdalena Contreras,23
1944-01-01,Miguel Hidalgo,6
1944-01-01,Milpa Alta,5
1944-01-01,Tlalpan,12
1944-01-01,Tlahuac,8
1944-01-01,Venustiano Carranza,7
1944-01-01,Xochimilco,6
1944-01-01,Alvaro Obregon,16
1945-01-01,Azcapotzalco,32
1945-01-01,Benito Juarez,12
1945-01-01,Coyoacan,26
1945-01-01,Cuajimalpa de Morelos,37
1945-01-01,Cuauhtemoc,13
1945-01-01,Gustavo A. Madero,33
1945-01-01,Iztacalco,33
1945-01-01,Iztapalapa,24
1945-01-01,La Magdalena Contreras,15
1945-01-01,Miguel Hidalgo,6
1945-01-01,Milpa Alta,13
1945-01-01,Tlalpan,17
1945-01-01,Tlahuac,5
1945-01-01,Venustiano Carranza,7
1945-01-01,Xochimilco,12
1945-01-01,Alvaro Obregon,17
1946-01-01,Azcapotzalco,30
1946-01-01,Benito Juarez,11
1946-01-01,Coyoacan,25
1946-01-01,Cuajimalpa de Morelos,28
1946-01-01,Cuauhtemoc,10
1946-01-01,Gustavo A. Madero,25
1946-01-01,Iztacalco,26
1946-01-01,Iztapalapa,16
1946-01-01,La Magdalena Contreras,7
1946-01-01,Miguel Hidalgo,5
1946-01-01,Milpa Alta,2
1946-01-01,Tlalpan,16
1946-01-01,Tlahuac,2
1946-01-01,Venustiano Carranza,6
1946-01-01,Xochimilco,16
1946-01-01,Alvaro Obregon,7
1947-01-01,Azcapotzalco,31
1947-01-01,Benito Juarez,11
1947-01-01,Coyoacan,11
1947-01-01,Cuajimalpa de Morelos,44
1947-01-01,Cuauhtemoc,8
1947-01-01,Gustavo A. Madero,39
1947-01-01,Iztacalco,31
1947-01-01,Iztapalapa,17
1947-01-01,La Magdalena Contreras,8
1947-01-01,Miguel Hidalgo,9
1947-01-01,Milpa Alta,5
1947-01-01,Tlalpan,15
1947-01-01,Tlahuac,5
1947-01-01,Venustiano Carranza,6
1947-01-01,Xochimilco,10
1947-01-01,Alvaro Obregon,8
1948-01-01,Azcapotzalco,43
1948-01-01,Benito Juarez,22
1948-01-01,Coyoacan,28
1948-01-01,Cuajimalpa de Morelos,71
1948-01-01,Cuauhtemoc,22
1948-01-01,Gustavo A. Madero,62
1948-01-01,Iztacalco,70
1948-01-01,Iztapalapa,54
1948-01-01,La Magdalena Contreras,20
1948-01-01,Miguel Hidalgo,14
1948-01-01,Milpa Alta,5
1948-01-01,Tlalpan,34
1948-01-01,Tlahuac,13
1948-01-01,Venustiano Carranza,11
1948-01-01,Xochimilco,19
1948-01-01,Alvaro Obregon,16
1949-01-01,Azcapotzalco,62
1949-01-01,Benito Juarez,22
1949-01-01,Coyoacan,23
1949-01-01,Cuajimalpa de Morelos,82
1949-01-01,Cuauhtemoc,16
1949-01-01,Gustavo A. Madero,48
1949-01-01,Iztacalco,51
1949-01-01,Iztapalapa,51
1949-01-01,La Magdalena Contreras,31
1949-01-01,Miguel Hidalgo,14
1949-01-01,Milpa Alta,10
1949-01-01,Tlalpan,23
1949-01-01,Tlahuac,11
1949-01-01,Venustiano Carranza,22
1949-01-01,Xochimilco,24
1949-01-01,Alvaro Obregon,29
1950-01-01,Azcapotzalco,58
1950-01-01,Benito Juarez,16
1950-01-01,Coyoacan,30
1950-01-01,Cuajimalpa de Morelos,84
1950-01-01,Cuauhtemoc,20
1950-01-01,Gustavo A. Madero,56
1950-01-01,Iztacalco,57
1950-01-01,Iztapalapa,44
1950-01-01,La Magdalena Contreras,14
1950-01-01,Miguel Hidalgo,8
1950-01-01,Milpa Alta,8
1950-01-01,Tlalpan,22
1950-01-01,Tlahuac,10
1950-01-01,Venustiano Carranza,15
1950-01-01,Xochimilco,24
1950-01-01,Alvaro Obregon,23
1951-01-01,Azcapotzalco,53
1951-01-01,Benito Juarez,16
1951-01-01,Coyoacan,34
1951-01-01,Cuajimalpa de Morelos,89
1951-01-01,Cuauhtemoc,20
1951-01-01,Gustavo A. Madero,47
1951-01-01,Iztacalco,57
1951-01-01,Iztapalapa,62
1951-01-01,La Magdalena Contreras,12
1951-01-01,Miguel Hidalgo,9
1951-01-01,Milpa Alta,5
1951-01-01,Tlalpan,34
1951-01-01,Tlahuac,11
1951-01-01,Venustiano Carranza,10
1951-01-01,Xochimilco,19
1951-01-01,Alvaro Obregon,29
1952-01-01,Azcapotzalco,66
1952-01-01,Benito Juarez,21
1952-01-01,Coyoacan,32
1952-01-01,Cuajimalpa de Morelos,75
1952-01-01,Cuauhtemoc,23
1952-01-01,Gustavo A. Madero,75
1952-01-01,Iztacalco,50
1952-01-01,Iztapalapa,69
1952-01-01,La Magdalena Contreras,28
1952-01-01,Miguel Hidalgo,15
1952-01-01,Milpa Alta,24
1952-01-01,Tlalpan,51
1952-01-01,Tlahuac,15
1952-01-01,Venustiano Carranza,23
1952-01-01,Xochimilco,27
1952-01-01,Alvaro Obregon,30
1953-01-01,Azcapotzalco,28
1953-01-01,Benito Juarez,17
1953-01-01,Coyoacan,27
1953-01-01,Cuajimalpa de Morelos,64
1953-01-01,Cuauhtemoc,12
1953-01-01,Gustavo A. Madero,53
1953-01-01,Iztacalco,43
1953-01-01,Iztapalapa,47
1953-01-01,La Magdalena Contreras,16
1953-01-01,Miguel Hidalgo,6
1953-01-01,Milpa Alta,12
1953-01-01,Tlalpan,30
1953-01-01,Tlahuac,13
1953-01-01,Venustiano Carranza,16
1953-01-01,Xochimilco,27
1953-01-01,Alvaro Obregon,13
1954-01-01,Azcapotzalco,27
1954-01-01,Benito Juarez,16
1954-01-01,Coyoacan,24
1954-01-01,Cuajimalpa de Morelos,57
1954-01-01,Cuauhtemoc,6
1954-01-01,Gustavo A. Madero,46
1954-01-01,Iztacalco,39
1954-01-01,Iztapalapa,65
1954-01-01,La Magdalena Contreras,18
1954-01-01,Miguel Hidalgo,10
1954-01-01,Milpa Alta,7
1954-01-01,Tlalpan,23
1954-01-01,Tlahuac,11
1954-01-01,Venustiano Carranza,11
1954-01-01,Xochimilco,16
1954-01-01,Alvaro Obregon,14
1955-01-01,Azcapotzalco,58
1955-01-01,Benito Juarez,27
1955-01-01,Coyoacan,42
1955-01-01,Cuajimalpa de Morelos,114
1955-01-01,Cuauhtemoc,30
1955-01-01,Gustavo A. Madero,94
1955-01-01,Iztacalco,82
1955-01-01,Iztapalapa,111
1955-01-01,La Magdalena Contreras,18
1955-01-01,Miguel Hidalgo,22
1955-01-01,Milpa Alta,25
1955-01-01,Tlalpan,53
1955-01-01,Tlahuac,24
1955-01-01,Venustiano Carranza,28
1955-01-01,Xochimilco,55
1955-01-01,Alvaro Obregon,25
1956-01-01,Azcapotzalco,74
1956-01-01,Benito Juarez,18
1956-01-01,Coyoacan,40
1956-01-01,Cuajimalpa de Morelos,106
1956-01-01,Cuauhtemoc,29
1956-01-01,Gustavo A. Madero,113
1956-01-01,Iztacalco,53
1956-01-01,Iztapalapa,98
1956-01-01,La Magdalena Contreras,22
1956-01-01,Miguel Hidalgo,26
1956-01-01,Milpa Alta,17
1956-01-01,Tlalpan,60
1956-01-01,Tlahuac,24
1956-01-01,Venustiano Carranza,28
1956-01-01,Xochimilco,42
1956-01-01,Alvaro Obregon,33
1957-01-01,Azcapotzalco,53
1957-01-01,Benito Juarez,25
1957-01-01,Coyoacan,30
1957-01-01,Cuajimalpa de Morelos,112
1957-01-01,Cuauhtemoc,26
1957-01-01,Gustavo A. Madero,83
1957-01-01,Iztacalco,52
1957-01-01,Iztapalapa,111
1957-01-01,La Magdalena Contreras,25
1957-01-01,Miguel Hidalgo,13
1957-01-01,Milpa Alta,27
1957-01-01,Tlalpan,42
1957-01-01,Tlahuac,33
1957-01-01,Venustiano Carranza,44
1957-01-01,Xochimilco,40
1957-01-01,Alvaro Obregon,23
1958-01-01,Azcapotzalco,75
1958-01-01,Benito Juarez,25
1958-01-01,Coyoacan,52
1958-01-01,Cuajimalpa de Morelos,96
1958-01-01,Cuauhtemoc,26
1958-01-01,Gustavo A. Madero,103
1958-01-01,Iztacalco,60
1958-01-01,Iztapalapa,88
1958-01-01,La Magdalena Contreras,26
1958-01-01,Miguel Hidalgo,21
1958-01-01,Milpa Alta,17
1958-01-01,Tlalpan,33
1958-01-01,Tlahuac,22
1958-01-01,Venustiano Carranza,28
1958-01-01,Xochimilco,36
1958-01-01,Alvaro Obregon,32
1959-01-01,Azcapotzalco,61
1959-01-01,Benito Juarez,40
1959-01-01,Coyoacan,44
1959-01-01,Cuajimalpa de Morelos,89
1959-01-01,Cuauhtemoc,32
1959-01-01,Gustavo A. Madero,84
1959-01-01,Iztacalco,103
1959-01-01,Iztapalapa,113
1959-01-01,La Magdalena Contreras,53
1959-01-01,Miguel Hidalgo,28
1959-01-01,Milpa Alta,18
1959-01-01,Tlalpan,43
1959-01-01,Tlahuac,24
1959-01-01,Venustiano Carranza,37
1959-01-01,Xochimilco,54
1959-01-01,Alvaro Obregon,38
1960-01-01,Azcapotzalco,35
1960-01-01,Benito Juarez,20
1960-01-01,Coyoacan,34
1960-01-01,Cuajimalpa de Morelos,54
1960-01-01,Cuauhtemoc,21
1960-01-01,Gustavo A. Madero,62
1960-01-01,Iztacalco,37
1960-01-01,Iztapalapa,66
1960-01-01,La Magdalena Contreras,15
1960-01-01,Miguel Hidalgo,14
1960-01-01,Milpa Alta,19
1960-01-01,Tlalpan,33
1960-01-01,Tlahuac,11
1960-01-01,Venustiano Carranza,16
1960-01-01,Xochimilco,29
1960-01-01,Alvaro Obregon,15
1961-01-01,Azcapotzalco,33
1961-01-01,Benito Juarez,20
1961-01-01,Coyoacan,25
1961-01-01,Cuajimalpa de Morelos,64
1961-01-01,Cuauhtemoc,22
1961-01-01,Gustavo A. Madero,54
1961-01-01,Iztacalco,39
1961-01-01,Iztapalapa,86
1961-01-01,La Magdalena Contreras,18
1961-01-01,Miguel Hidalgo,9
1961-01-01,Milpa Alta,12
1961-01-01,Tlalpan,21
1961-01-01,Tlahuac,18
1961-01-01,Venustiano Carranza,25
1961-01-01,Xochimilco,17
1961-01-01,Alvaro Obregon,21
1962-01-01,Azcapotzalco,77
1962-01-01,Benito Juarez,22
1962-01-01,Coyoacan,39
1962-01-01,Cuajimalpa de Morelos,102
1962-01-01,Cuauhtemoc,39
1962-01-01,Gustavo A. Madero,110
1962-01-01,Iztacalco,115
1962-01-01,Iztapalapa,129
1962-01-01,La Magdalena Contreras,36
1962-01-01,Miguel Hidalgo,23
1962-01-01,Milpa Alta,22
1962-01-01,Tlalpan,44
1962-01-01,Tlahuac,27
1962-01-01,Venustiano Carranza,44
1962-01-01,Xochimilco,43
1962-01-01,Alvaro Obregon,54
1963-01-01,Azcapotzalco,59
1963-01-01,Benito Juarez,32
1963-01-01,Coyoacan,58
1963-01-01,Cuajimalpa de Morelos,90
1963-01-01,Cuauhtemoc,45
1963-01-01,Gustavo A. Madero,115
1963-01-01,Iztacalco,100
1963-01-01,Iztapalapa,129
1963-01-01,La Magdalena Contreras,13
1963-01-01,Miguel Hidalgo,25
1963-01-01,Milpa Alta,25
1963-01-01,Tlalpan,40
1963-01-01,Tlahuac,43
1963-01-01,Venustiano Carranza,45
1963-01-01,Xochimilco,43
1963-01-01,Alvaro Obregon,45
1964-01-01,Azcapotzalco,93
1964-01-01,Benito Juarez,35
1964-01-01,Coyoacan,49
1964-01-01,Cuajimalpa de Morelos,88
1964-01-01,Cuauhtemoc,35
1964-01-01,Gustavo A. Madero,115
1964-01-01,Iztacalco,88
1964-01-01,Iztapalapa,150
1964-01-01,La Magdalena Contreras,32
1964-01-01,Miguel Hidalgo,29
1964-01-01,Milpa Alta,27
1964-01-01,Tlalpan,61
1964-01-01,Tlahuac,29
1964-01-01,Venustiano Carranza,38
1964-01-01,Xochimilco,34
1964-01-01,Alvaro Obregon,38
1965-01-01,Azcapotzalco,76
1965-01-01,Benito Juarez,36
1965-01-01,Coyoacan,70
1965-01-01,Cuajimalpa de Morelos,114
1965-01-01,Cuauhtemoc,25
1965-01-01,Gustavo A. Madero,104
1965-01-01,Iztacalco,86
1965-01-01,Iztapalapa,144
1965-01-01,La Magdalena Contreras,27
1965-01-01,Miguel Hidalgo,22
1965-01-01,Milpa Alta,19
1965-01-01,Tlalpan,49
1965-01-01,Tlahuac,28
1965-01-01,Venustiano Carranza,48
1965-01-01,Xochimilco,48
1965-01-01,Alvaro Obregon,36
1966-01-01,Azcapotzalco,68
1966-01-01,Benito Juarez,17
1966-01-01,Coyoacan,28
1966-01-01,Cuajimalpa de Morelos,92
1966-01-01,Cuauhtemoc,24
1966-01-01,Gustavo A. Madero,85
1966-01-01,Iztacalco,78
1966-01-01,Iztapalapa,97
1966-01-01,La Magdalena Contreras,15
1966-01-01,Miguel Hidalgo,13
1966-01-01,Milpa Alta,10
1966-01-01,Tlalpan,40
1966-01-01,Tlahuac,18
1966-01-01,Venustiano Carranza,24
1966-01-01,Xochimilco,34
1966-01-01,Alvaro Obregon,33
1967-01-01,Azcapotzalco,60
1967-01-01,Benito Juarez,29
1967-01-01,Coyoacan,37
1967-01-01,Cuajimalpa de Morelos,79
1967-01-01,Cuauhtemoc,25
1967-01-01,Gustavo A. Madero,118
1967-01-01,Iztacalco,68
1967-01-01,Iztapalapa,94
1967-01-01,La Magdalena Contreras,11
1967-01-01,Miguel Hidalgo,20
1967-01-01,Milpa Alta,22
1967-01-01,Tlalpan,45
1967-01-01,Tlahuac,23
1967-01-01,Venustiano Carranza,23
1967-01-01,Xochimilco,33
1967-01-01,Alvaro Obregon,21
1968-01-01,Azcapotzalco,74
1968-01-01,Benito Juarez,30
1968-01-01,Coyoacan,33
1968-01-01,Cuajimalpa de Morelos,75
1968-01-01,Cuauhtemoc,20
1968-01-01,Gustavo A. Madero,62
1968-01-01,Iztacalco,55
1968-01-01,Iztapalapa,98
1968-01-01,La Magdalena Contreras,13
1968-01-01,Miguel Hidalgo,20
1968-01-01,Milpa Alta,16
1968-01-01,Tlalpan,37
1968-01-01,Tlahuac,30
1968-01-01,Venustiano Carranza,35
1968-01-01,Xochimilco,31
1968-01-01,Alvaro Obregon,19
1969-01-01,Azcapotzalco,121
1969-01-01,Benito Juarez,40
1969-01-01,Coyoacan,83
1969-01-01,Cuajimalpa de Morelos,129
1969-01-01,Cuauhtemoc,47
1969-01-01,Gustavo A. Madero,155
1969-01-01,Iztacalco,120
1969-01-01,Iztapalapa,155
1969-01-01,La Magdalena Contreras,28
1969-01-01,Miguel Hidalgo,30
1969-01-01,Milpa Alta,30
1969-01-01,Tlalpan,79
1969-01-01,Tlahuac,47
1969-01-01,Venustiano Carranza,82
1969-01-01,Xochimilco,89
1969-01-01,Alvaro Obregon,48
1970-01-01,Azcapotzalco,128
1970-01-01,Benito Juarez,38
1970-01-01,Coyoacan,61
1970-01-01,Cuajimalpa de Morelos,125
1970-01-01,Cuauhtemoc,44
1970-01-01,Gustavo A. Madero,121
1970-01-01,Iztacalco,67
1970-01-01,Iztapalapa,156
1970-01-01,La Magdalena Contreras,23
1970-01-01,Miguel Hidalgo,24
1970-01-01,Milpa Alta,23
1970-01-01,Tlalpan,75
1970-01-01,Tlahuac,40
1970-01-01,Venustiano Carranza,62
1970-01-01,Xochimilco,52
1970-01-01,Alvaro Obregon,46
1971-01-01,Azcapotzalco,114
1971-01-01,Benito Juarez,35
1971-01-01,Coyoacan,77
1971-01-01,Cuajimalpa de Morelos,130
1971-01-01,Cuauhtemoc,46
1971-01-01,Gustavo A. Madero,123
1971-01-01,Iztacalco,119
1971-01-01,Iztapalapa,174
1971-01-01,La Magdalena Contreras,22
1971-01-01,Miguel Hidalgo,32
1971-01-01,Milpa Alta,34
1971-01-01,Tlalpan,84
1971-01-01,Tlahuac,62
1971-01-01,Venustiano Carranza,77
1971-01-01,Xochimilco,59
1971-01-01,Alvaro Obregon,68
1972-01-01,Azcapotzalco,127
1972-01-01,Benito Juarez,35
1972-01-01,Coyoacan,87
1972-01-01,Cuajimalpa de Morelos,136
1972-01-01,Cuauhtemoc,57
1972-01-01,Gustavo A. Madero,145
1972-01-01,Iztacalco,100
1972-01-01,Iztapalapa,152
1972-01-01,La Magdalena Contreras,26
1972-01-01,Miguel Hidalgo,35
1972-01-01,Milpa Alta,30
1972-01-01,Tlalpan,87
1972-01-01,Tlahuac,36
1972-01-01,Venustiano Carranza,83
1972-01-01,Xochimilco,70
1972-01-01,Alvaro Obregon,53
1973-01-01,Azcapotzalco,146
1973-01-01,Benito Juarez,42
1973-01-01,Coyoacan,92
1973-01-01,Cuajimalpa de Morelos,104
1973-01-01,Cuauhtemoc,53
1973-01-01,Gustavo A. Madero,148
1973-01-01,Iztacalco,109
1973-01-01,Iztapalapa,221
1973-01-01,La Magdalena Contreras,36
1973-01-01,Miguel Hidalgo,35
1973-01-01,Milpa Alta,29
1973-01-01,Tlalpan,84
1973-01-01,Tlahuac,46
1973-01-01,Venustiano Carranza,70
1973-01-01,Xochimilco,87
1973-01-01,Alvaro Obregon,44
1974-01-01,Azcapotzalco,71
1974-01-01,Benito Juarez,43
1974-01-01,Coyoacan,38
1974-01-01,Cuajimalpa de Morelos,82
1974-01-01,Cuauhtemoc,31
1974-01-01,Gustavo A. Madero,76
1974-01-01,Iztacalco,68
1974-01-01,Iztapalapa,135
1974-01-01,La Magdalena Contreras,13
1974-01-01,Miguel Hidalgo,17
1974-01-01,Milpa Alta,19
1974-01-01,Tlalpan,34
1974-01-01,Tlahuac,31
1974-01-01,Venustiano Carranza,25
1974-01-01,Xochimilco,48
1974-01-01,Alvaro Obregon,36
1975-01-01,Azcapotzalco,84
1975-01-01,Benito Juarez,31
1975-01-01,Coyoacan,40
1975-01-01,Cuajimalpa de Morelos,63
1975-01-01,Cuauhtemoc,22
1975-01-01,Gustavo A. Madero,75
1975-01-01,Iztacalco,60
1975-01-01,Iztapalapa,94
1975-01-01,La Magdalena Contreras,21
1975-01-01,Miguel Hidalgo,16
1975-01-01,Milpa Alta,23
1975-01-01,Tlalpan,32
1975-01-01,Tlahuac,28
1975-01-01,Venustiano Carranza,33
1975-01-01,Xochimilco,54
1975-01-01,Alvaro Obregon,29
1976-01-01,Azcapotzalco,143
1976-01-01,Benito Juarez,68
1976-01-01,Coyoacan,95
1976-01-01,Cuajimalpa de Morelos,130
1976-01-01,Cuauhtemoc,84
1976-01-01,Gustavo A. Madero,162
1976-01-01,Iztacalco,122
1976-01-01,Iztapalapa,188
1976-01-01,La Magdalena Contreras,63
1976-01-01,Miguel Hidalgo,61
1976-01-01,Milpa Alta,28
1976-01-01,Tlalpan,77
1976-01-01,Tlahuac,63
1976-01-01,Venustiano Carranza,74
1976-01-01,Xochimilco,80
1976-01-01,Alvaro Obregon,61
1977-01-01,Azcapotzalco,160
1977-01-01,Benito Juarez,59
1977-01-01,Coyoacan,96
1977-01-01,Cuajimalpa de Morelos,99
1977-01-01,Cuauhtemoc,68
1977-01-01,Gustavo A. Madero,152
1977-01-01,Iztacalco,111
1977-01-01,Iztapalapa,185
1977-01-01,La Magdalena Contreras,32
1977-01-01,Miguel Hidalgo,52
1977-01-01,Milpa Alta,31
1977-01-01,Tlalpan,75
1977-01-01,Tlahuac,76
1977-01-01,Venustiano Carranza,91
1977-01-01,Xochimilco,72
1977-01-01,Alvaro Obregon,79
1978-01-01,Azcapotzalco,152
1978-01-01,Benito Juarez,46
1978-01-01,Coyoacan,77
1978-01-01,Cuajimalpa de Morelos,133
1978-01-01,Cuauhtemoc,76
1978-01-01,Gustavo A. Madero,175
1978-01-01,Iztacalco,121
1978-01-01,Iztapalapa,209
1978-01-01,La Magdalena Contreras,45
1978-01-01,Miguel Hidalgo,52
1978-01-01,Milpa Alta,38
1978-01-01,Tlalpan,86
1978-01-01,Tlahuac,56
1978-01-01,Venustiano Carranza,87
1978-01-01,Xochimilco,84
1978-01-01,Alvaro Obregon,70
1979-01-01,Azcapotzalco,154
1979-01-01,Benito Juarez,62
1979-01-01,Coyoacan,67
1979-01-01,Cuajimalpa de Morelos,138
1979-01-01,Cuauhtemoc,55
1979-01-01,Gustavo A. Madero,175
1979-01-01,Iztacalco,119
1979-01-01,Iztapalapa,191
1979-01-01,La Magdalena Contreras,62
1979-01-01,Miguel Hidalgo,38
1979-01-01,Milpa Alta,26
1979-01-01,Tlalpan,114
1979-01-01,Tlahuac,70
1979-01-01,Venustiano Carranza,74
1979-01-01,Xochimilco,75
1979-01-01,Alvaro Obregon,73
1980-01-01,Azcapotzalco,190
1980-01-01,Benito Juarez,64
1980-01-01,Coyoacan,90
1980-01-01,Cuajimalpa de Morelos,143
1980-01-01,Cuauhtemoc,75
1980-01-01,Gustavo A. Madero,172
1980-01-01,Iztacalco,160
1980-01-01,Iztapalapa,226
1980-01-01,La Magdalena Contreras,39
1980-01-01,Miguel Hidalgo,43
1980-01-01,Milpa Alta,41
1980-01-01,Tlalpan,101
1980-01-01,Tlahuac,77
1980-01-01,Venustiano Carranza,114
1980-01-01,Xochimilco,118
1980-01-01,Alvaro Obregon,65
1981-01-01,Azcapotzalco,91
1981-01-01,Benito Juarez,48
1981-01-01,Coyoacan,71
1981-01-01,Cuajimalpa de Morelos,70
1981-01-01,Cuauhtemoc,48
1981-01-01,Gustavo A. Madero,80
1981-01-01,Iztacalco,79
1981-01-01,Iztapalapa,135
1981-01-01,La Magdalena Contreras,18
1981-01-01,Miguel Hidalgo,46
1981-01-01,Milpa Alta,27
1981-01-01,Tlalpan,54
1981-01-01,Tlahuac,46
1981-01-01,Venustiano Carranza,55
1981-01-01,Xochimilco,82
1981-01-01,Alvaro Obregon,44
1982-01-01,Azcapotzalco,71
1982-01-01,Benito Juarez,38
1982-01-01,Coyoacan,33
1982-01-01,Cuajimalpa de Morelos,80
1982-01-01,Cuauhtemoc,39
1982-01-01,Gustavo A. Madero,72
1982-01-01,Iztacalco,67
1982-01-01,Iztapalapa,81
1982-01-01,La Magdalena Contreras,14
1982-01-01,Miguel Hidalgo,30
1982-01-01,Milpa Alta,19
1982-01-01,Tlalpan,50
1982-01-01,Tlahuac,40
1982-01-01,Venustiano Carranza,41
1982-01-01,Xochimilco,55
1982-01-01,Alvaro Obregon,39
1983-01-01,Azcapotzalco,243
1983-01-01,Benito Juarez,77
1983-01-01,Coyoacan,111
1983-01-01,Cuajimalpa de Morelos,147
1983-01-01,Cuauhtemoc,88
1983-01-01,Gustavo A. Madero,216
1983-01-01,Iztacalco,150
1983-01-01,Iztapalapa,259
1983-01-01,La Magdalena Contreras,48
1983-01-01,Miguel Hidalgo,68
1983-01-01,Milpa Alta,48
1983-01-01,Tlalpan,121
1983-01-01,Tlahuac,84
1983-01-01,Venustiano Carranza,103
1983-01-01,Xochimilco,121
1983-01-01,Alvaro Obregon,95
1984-01-01,Azcapotzalco,201
1984-01-01,Benito Juarez,89
1984-01-01,Coyoacan,98
1984-01-01,Cuajimalpa de Morelos,139
1984-01-01,Cuauhtemoc,70
1984-01-01,Gustavo A. Madero,208
1984-01-01,Iztacalco,138
1984-01-01,Iztapalapa,254
1984-01-01,La Magdalena Contreras,42
1984-01-01,Miguel Hidalgo,64
1984-01-01,Milpa Alta,67
1984-01-01,Tlalpan,107
1984-01-01,Tlahuac,76
1984-01-01,Venustiano Carranza,113
1984-01-01,Xochimilco,100
1984-01-01,Alvaro Obregon,88
1985-01-01,Azcapotzalco,230
1985-01-01,Benito Juarez,69
1985-01-01,Coyoacan,97
1985-01-01,Cuajimalpa de Morelos,162
1985-01-01,Cuauhtemoc,97
1985-01-01,Gustavo A. Madero,224
1985-01-01,Iztacalco,134
1985-01-01,Iztapalapa,256
1985-01-01,La Magdalena Contreras,40
1985-01-01,Miguel Hidalgo,61
1985-01-01,Milpa Alta,66
1985-01-01,Tlalpan,114
1985-01-01,Tlahuac,91
1985-01-01,Venustiano Carranza,104
1985-01-01,Xochimilco,106
1985-01-01,Alvaro Obregon,82
1986-01-01,Azcapotzalco,273
1986-01-01,Benito Juarez,60
1986-01-01,Coyoacan,88
1986-01-01,Cuajimalpa de Morelos,145
1986-01-01,Cuauhtemoc,61
1986-01-01,Gustavo A. Madero,182
1986-01-01,Iztacalco,136
1986-01-01,Iztapalapa,235
1986-01-01,La Magdalena Contreras,63
1986-01-01,Miguel Hidalgo,54
1986-01-01,Milpa Alta,66
1986-01-01,Tlalpan,100
1986-01-01,Tlahuac,100
1986-01-01,Venustiano Carranza,105
1986-01-01,Xochimilco,101
1986-01-01,Alvaro Obregon,88
1987-01-01,Azcapotzalco,230
1987-01-01,Benito Juarez,83
1987-01-01,Coyoacan,104
1987-01-01,Cuajimalpa de Morelos,139
1987-01-01,Cuauhtemoc,102
1987-01-01,Gustavo A. Madero,167
1987-01-01,Iztacalco,151
1987-01-01,Iztapalapa,211
1987-01-01,La Magdalena Contreras,36
1987-01-01,Miguel Hidalgo,55
1987-01-01,Milpa Alta,50
1987-01-01,Tlalpan,123
1987-01-01,Tlahuac,69
1987-01-01,Venustiano Carranza,101
1987-01-01,Xochimilco,135
1987-01-01,Alvaro Obregon,70
1988-01-01,Azcapotzalco,89
1988-01-01,Benito Juarez,53
1988-01-01,Coyoacan,53
1988-01-01,Cuajimalpa de Morelos,72
1988-01-01,Cuauhtemoc,36
1988-01-01,Gustavo A. Madero,88
1988-01-01,Iztacalco,75
1988-01-01,Iztapalapa,121
1988-01-01,La Magdalena Contreras,28
1988-01-01,Miguel Hidalgo,34
1988-01-01,Milpa Alta,38
1988-01-01,Tlalpan,47
1988-01-01,Tlahuac,46
1988-01-01,Venustiano Carranza,53
1988-01-01,Xochimilco,55
1988-01-01,Alvaro Obregon,68
1989-01-01,Azcapotzalco,106
1989-01-01,Benito Juarez,38
1989-01-01,Coyoacan,46
1989-01-01,Cuajimalpa de Morelos,75
1989-01-01,Cuauhtemoc,38
1989-01-01,Gustavo A. Madero,87
1989-01-01,Iztacalco,72
1989-01-01,Iztapalapa,94
1989-01-01,La Magdalena Contreras,9
1989-01-01,Miguel Hidalgo,26
1989-01-01,Milpa Alta,17
1989-01-01,Tlalpan,64
1989-01-01,Tlahuac,20
1989-01-01,Venustiano Carranza,31
1989-01-01,Xochimilco,53
1989-01-01,Alvaro Obregon,42
1990-01-01,Azcapotzalco,204
1990-01-01,Benito Juarez,85
1990-01-01,Coyoacan,121
1990-01-01,Cuajimalpa de Morelos,154
1990-01-01,Cuauhtemoc,106
1990-01-01,Gustavo A. Madero,218
1990-01-01,Iztacalco,133
1990-01-01,Iztapalapa,215
1990-01-01,La Magdalena Contreras,55
1990-01-01,Miguel Hidalgo,72
1990-01-01,Milpa Alta,73
1990-01-01,Tlalpan,147
1990-01-01,Tlahuac,99
1990-01-01,Venustiano Carranza,114
1990-01-01,Xochimilco,127
1990-01-01,Alvaro Obregon,115
1991-01-01,Azcapotzalco,199
1991-01-01,Benito Juarez,80
1991-01-01,Coyoacan,125
1991-01-01,Cuajimalpa de Morelos,180
1991-01-01,Cuauhtemoc,82
1991-01-01,Gustavo A. Madero,190
1991-01-01,Iztacalco,162
1991-01-01,Iztapalapa,217
1991-01-01,La Magdalena Contreras,51
1991-01-01,Miguel Hidalgo,54
1991-01-01,Milpa Alta,68
1991-01-01,Tlalpan,158
1991-01-01,Tlahuac,91
1991-01-01,Venustiano Carranza,112
1991-01-01,Xochimilco,112
1991-01-01,Alvaro Obregon,102
1992-01-01,Azcapotzalco,227
1992-01-01,Benito Juarez,86
1992-01-01,Coyoacan,113
1992-01-01,Cuajimalpa de Morelos,199
1992-01-01,Cuauhtemoc,73
1992-01-01,Gustavo A. Madero,187
1992-01-01,Iztacalco,127
1992-01-01,Iztapalapa,211
1992-01-01,La Magdalena Contreras,59
1992-01-01,Miguel Hidalgo,49
1992-01-01,Milpa Alta,64
1992-01-01,Tlalpan,167
1992-01-01,Tlahuac,113
1992-01-01,Venustiano Carranza,135
1992-01-01,Xochimilco,131
1992-01-01,Alvaro Obregon,87
1993-01-01,Azcapotzalco,195
1993-01-01,Benito Juarez,64
1993-01-01,Coyoacan,104
1993-01-01,Cuajimalpa de Morelos,176
1993-01-01,Cuauhtemoc,101
1993-01-01,Gustavo A. Madero,188
1993-01-01,Iztacalco,130
1993-01-01,Iztapalapa,189
1993-01-01,La Magdalena Contreras,60
1993-01-01,Miguel Hidalgo,46
1993-01-01,Milpa Alta,54
1993-01-01,Tlalpan,142
1993-01-01,Tlahuac,78
1993-01-01,Venustiano Carranza,100
1993-01-01,Xochimilco,102
1993-01-01,Alvaro Obregon,104
1994-01-01,Azcapotzalco,192
1994-01-01,Benito Juarez,77
1994-01-01,Coyoacan,105
1994-01-01,Cuajimalpa de Morelos,143
1994-01-01,Cuauhtemoc,93
1994-01-01,Gustavo A. Madero,186
1994-01-01,Iztacalco,134
1994-01-01,Iztapalapa,212
1994-01-01,La Magdalena Contreras,36
1994-01-01,Miguel Hidalgo,62
1994-01-01,Milpa Alta,59
1994-01-01,Tlalpan,141
1994-01-01,Tlahuac,67
1994-01-01,Venustiano Carranza,122
1994-01-01,Xochimilco,132
1994-01-01,Alvaro Obregon,112
1995-01-01,Azcapotzalco,125
1995-01-01,Benito Juarez,53
1995-01-01,Coyoacan,58
1995-01-01,Cuajimalpa de Morelos,111
1995-01-01,Cuauhtemoc,36
1995-01-01,Gustavo A. Madero,107
1995-01-01,Iztacalco,109
1995-01-01,Iztapalapa,134
1995-01-01,La Magdalena Contreras,28
1995-01-01,Miguel Hidalgo,45
1995-01-01,Milpa Alta,34
1995-01-01,Tlalpan,65
1995-01-01,Tlahuac,79
1995-01-01,Venustiano Carranza,66
1995-01-01,Xochimilco,62
1995-01-01,Alvaro Obregon,67
1996-01-01,Azcapotzalco,97
1996-01-01,Benito Juarez,40
1996-01-01,Coyoacan,32
1996-01-01,Cuajimalpa de Morelos,87
1996-01-01,Cuauhtemoc,46
1996-01-01,Gustavo A. Madero,76
1996-01-01,Iztacalco,64
1996-01-01,Iztapalapa,125
1996-01-01,La Magdalena Contreras,14
1996-01-01,Miguel Hidalgo,19
1996-01-01,Milpa Alta,39
1996-01-01,Tlalpan,51
1996-01-01,Tlahuac,44
1996-01-01,Venustiano Carranza,41
1996-01-01,Xochimilco,54
1996-01-01,Alvaro Obregon,43
1997-01-01,Azcapotzalco,247
1997-01-01,Benito Juarez,94
1997-01-01,Coyoacan,124
1997-01-01,Cuajimalpa de Morelos,172
1997-01-01,Cuauhtemoc,136
1997-01-01,Gustavo A. Madero,238
1997-01-01,Iztacalco,180
1997-01-01,Iztapalapa,263
1997-01-01,La Magdalena Contreras,61
1997-01-01,Miguel Hidalgo,50
1997-01-01,Milpa Alta,101
1997-01-01,Tlalpan,127
1997-01-01,Tlahuac,102
1997-01-01,Venustiano Carranza,114
1997-01-01,Xochimilco,154
1997-01-01,Alvaro Obregon,115
1998-01-01,Azcapotzalco,244
1998-01-01,Benito Juarez,74
1998-01-01,Coyoacan,109
1998-01-01,Cuajimalpa de Morelos,159
1998-01-01,Cuauhtemoc,98
1998-01-01,Gustavo A. Madero,234
1998-01-01,Iztacalco,124
1998-01-01,Iztapalapa,233
1998-01-01,La Magdalena Contreras,48
1998-01-01,Miguel Hidalgo,50
1998-01-01,Milpa Alta,84
1998-01-01,Tlalpan,118
1998-01-01,Tlahuac,87
1998-01-01,Venustiano Carranza,138
1998-01-01,Xochimilco,102
1998-01-01,Alvaro Obregon,114
1999-01-01,Azcapotzalco,220
1999-01-01,Benito Juarez,75
1999-01-01,Coyoacan,101
1999-01-01,Cuajimalpa de Morelos,136
1999-01-01,Cuauhtemoc,90
1999-01-01,Gustavo A. Madero,245
1999-01-01,Iztacalco,167
1999-01-01,Iztapalapa,214
1999-01-01,La Magdalena Contreras,50
1999-01-01,Miguel Hidalgo,71
1999-01-01,Milpa Alta,69
1999-01-01,Tlalpan,143
1999-01-01,Tlahuac,137
1999-01-01,Venustiano Carranza,101
1999-01-01,Xochimilco,110
1999-01-01,Alvaro Obregon,111
2000-01-01,Azcapotzalco,264
2000-01-01,Benito Juarez,82
2000-01-01,Coyoacan,111
2000-01-01,Cuajimalpa de Morelos,147
2000-01-01,Cuauhtemoc,82
2000-01-01,Gustavo A. Madero,208
2000-01-01,Iztacalco,150
2000-01-01,Iztapalapa,226
2000-01-01,La Magdalena Contreras,58
2000-01-01,Miguel Hidalgo,46
2000-01-01,Milpa Alta,54
2000-01-01,Tlalpan,132
2000-01-01,Tlahuac,109
2000-01-01,Venustiano Carranza,122
2000-01-01,Xochimilco,148
2000-01-01,Alvaro Obregon,112
2001-01-01,Azcapotzalco,238
2001-01-01,Benito Juarez,90
2001-01-01,Coyoacan,135
2001-01-01,Cuajimalpa de Morelos,168
2001-01-01,Cuauhtemoc,93
2001-01-01,Gustavo A. Madero,208
2001-01-01,Iztacalco,151
2001-01-01,Iztapalapa,234
2001-01-01,La Magdalena Contreras,41
2001-01-01,Miguel Hidalgo,62
2001-01-01,Milpa Alta,80
2001-01-01,Tlalpan,165
2001-01-01,Tlahuac,151
2001-01-01,Venustiano Carranza,132
2001-01-01,Xochimilco,132
2001-01-01,Alvaro Obregon,85
2002-01-01,Azcapotzalco,136
2002-01-01,Benito Juarez,43
2002-01-01,Coyoacan,91
2002-01-01,Cuajimalpa de Morelos,115
2002-01-01,Cuauhtemoc,41
2002-01-01,Gustavo A. Madero,88
2002-01-01,Iztacalco,119
2002-01-01,Iztapalapa,124
2002-01-01,La Magdalena Contreras,28
2002-01-01,Miguel Hidalgo,35
2002-01-01,Milpa Alta,33
2002-01-01,Tlalpan,84
2002-01-01,Tlahuac,85
2002-01-01,Venustiano Carranza,63
2002-01-01,Xochimilco,101
2002-01-01,Alvaro Obregon,79
2003-01-01,Azcapotzalco,102
2003-01-01,Benito Juarez,51
2003-01-01,Coyoacan,38
2003-01-01,Cuajimalpa de Morelos,120
2003-01-01,Cuauhtemoc,33
2003-01-01,Gustavo A. Madero,86
2003-01-01,Iztacalco,72
2003-01-01,Iztapalapa,107
2003-01-01,La Magdalena Contreras,18
2003-01-01,Miguel Hidalgo,34
2003-01-01,Milpa Alta,53
2003-01-01,Tlalpan,59
2003-01-01,Tlahuac,40
2003-01-01,Venustiano Carranza,54
2003-01-01,Xochimilco,62
2003-01-01,Alvaro Obregon,56
2004-01-01,Azcapotzalco,279
2004-01-01,Benito Juarez,99
2004-01-01,Coyoacan,155
2004-01-01,Cuajimalpa de Morelos,209
2004-01-01,Cuauhtemoc,117
2004-01-01,Gustavo A. Madero,219
2004-01-01,Iztacalco,191
2004-01-01,Iztapalapa,245
2004-01-01,La Magdalena Contreras,67
2004-01-01,Miguel Hidalgo,58
2004-01-01,Milpa Alta,110
2004-01-01,Tlalpan,193
2004-01-01,Tlahuac,105
2004-01-01,Venustiano Carranza,134
2004-01-01,Xochimilco,159
2004-01-01,Alvaro Obregon,119
2005-01-01,Azcapotzalco,272
2005-01-01,Benito Juarez,77
2005-01-01,Coyoacan,134
2005-01-01,Cuajimalpa de Morelos,218
2005-01-01,Cuauhtemoc,143
2005-01-01,Gustavo A. Madero,245
2005-01-01,Iztacalco,168
2005-01-01,Iztapalapa,216
2005-01-01,La Magdalena Contreras,58
2005-01-01,Miguel Hidalgo,74
2005-01-01,Milpa Alta,98
2005-01-01,Tlalpan,162
2005-01-01,Tlahuac,125
2005-01-01,Venustiano Carranza,172
2005-01-01,Xochimilco,148
2005-01-01,Alvaro Obregon,140
2006-01-01,Azcapotzalco,299
2006-01-01,Benito Juarez,90
2006-01-01,Coyoacan,162
2006-01-01,Cuajimalpa de Morelos,241
2006-01-01,Cuauhtemoc,101
2006-01-01,Gustavo A. Madero,221
2006-01-01,Iztacalco,161
2006-01-01,Iztapalapa,235
2006-01-01,La Magdalena Contreras,58
2006-01-01,Miguel Hidalgo,81
2006-01-01,Milpa Alta,97
2006-01-01,Tlalpan,169
2006-01-01,Tlahuac,122
2006-01-01,Venustiano Carranza,160
2006-01-01,Xochimilco,143
2006-01-01,Alvaro Obregon,119
2007-01-01,Azcapotzalco,265
2007-01-01,Benito Juarez,83
2007-01-01,Coyoacan,135
2007-01-01,Cuajimalpa de Morelos,205
2007-01-01,Cuauhtemoc,79
2007-01-01,Gustavo A. Madero,253
2007-01-01,Iztacalco,174
2007-01-01,Iztapalapa,209
2007-01-01,La Magdalena Contreras,56
2007-01-01,Miguel Hidalgo,61
2007-01-01,Milpa Alta,86
2007-01-01,Tlalpan,170
2007-01-01,Tlahuac,117
2007-01-01,Venustiano Carranza,152
2007-01-01,Xochimilco,112
2007-01-01,Alvaro Obregon,121
2008-01-01,Azcapotzalco,222
2008-01-01,Benito Juarez,105
2008-01-01,Coyoacan,127
2008-01-01,Cuajimalpa de Morelos,240
2008-01-01,Cuauhtemoc,111
2008-01-01,Gustavo A. Madero,253
2008-01-01,Iztacalco,195
2008-01-01,Iztapalapa,244
2008-01-01,La Magdalena Contreras,69
2008-01-01,Miguel Hidalgo,55
2008-01-01,Milpa Alta,93
2008-01-01,Tlalpan,158
2008-01-01,Tlahuac,171
2008-01-01,Venustiano Carranza,159
2008-01-01,Xochimilco,149
2008-01-01,Alvaro Obregon,146
2009-01-01,Azcapotzalco,128
2009-01-01,Benito Juarez,45
2009-01-01,Coyoacan,60
2009-01-01,Cuajimalpa de Morelos,136
2009-01-01,Cuauhtemoc,32
2009-01-01,Gustavo A. Madero,90
2009-01-01,Iztacalco,101
2009-01-01,Iztapalapa,116
2009-01-01,La Magdalena Contreras,23
2009-01-01,Miguel Hidalgo,37
2009-01-01,Milpa Alta,51
2009-01-01,Tlalpan,78
2009-01-01,Tlahuac,46
2009-01-01,Venustiano Carranza,71
2009-01-01,Xochimilco,81
2009-01-01,Alvaro Obregon,72
2010-01-01,Azcapotzalco,124
2010-01-01,Benito Juarez,43
2010-01-01,Coyoacan,47
2010-01-01,Cuajimalpa de Morelos,107
2010-01-01,Cuauhtemoc,38
2010-01-01,Gustavo A. Madero,77
2010-01-01,Iztacalco,64
2010-01-01,Iztapalapa,95
2010-01-01,La Magdalena Contreras,40
2010-01-01,Miguel Hidalgo,32
2010-01-01,Milpa Alta,62
2010-01-01,Tlalpan,43
2010-01-01,Tlahuac,60
2010-01-01,Venustiano Carranza,62
2010-01-01,Xochimilco,63
2010-01-01,Alvaro Obregon,47
2011-01-01,Azcapotzalco,285
2011-01-01,Benito Juarez,123
2011-01-01,Coyoacan,196
2011-01-01,Cuajimalpa de Morelos,265
2011-01-01,Cuauhtemoc,101
2011-01-01,Gustavo A. Madero,250
2011-01-01,Iztacalco,192
2011-01-01,Iztapalapa,238
2011-01-01,La Magdalena Contreras,91
2011-01-01,Miguel Hidalgo,87
2011-01-01,Milpa Alta,75
2011-01-01,Tlalpan,154
2011-01-01,Tlahuac,131
2011-01-01,Venustiano Carranza,143
2011-01-01,Xochimilco,121
2011-01-01,Alvaro Obregon,138
2012-01-01,Azcapotzalco,301
2012-01-01,Benito Juarez,105
2012-01-01,Coyoacan,144
2012-01-01,Cuajimalpa de Morelos,227
2012-01-01,Cuauhtemoc,104
2012-01-01,Gustavo A. Madero,232
2012-01-01,Iztacalco,181
2012-01-01,Iztapalapa,317
2012-01-01,La Magdalena Contreras,68
2012-01-01,Miguel Hidalgo,77
2012-01-01,Milpa Alta,104
2012-01-01,Tlalpan,170
2012-01-01,Tlahuac,147
2012-01-01,Venustiano Carranza,176
2012-01-01,Xochimilco,119
2012-01-01,Alvaro Obregon,149
2013-01-01,Azcapotzalco,307
2013-01-01,Benito Juarez,97
2013-01-01,Coyoacan,145
2013-01-01,Cuajimalpa de Morelos,252
2013-01-01,Cuauhtemoc,99
2013-01-01,Gustavo A. Madero,197
2013-01-01,Iztacalco,207
2013-01-01,Iztapalapa,241
2013-01-01,La Magdalena Contreras,70
2013-01-01,Miguel Hidalgo,65
2013-01-01,Milpa Alta,104
2013-01-01,Tlalpan,187
2013-01-01,Tlahuac,115
2013-01-01,Venustiano Carranza,106
2013-01-01,Xochimilco,142
2013-01-01,Alvaro Obregon,124
2014-01-01,Azcapotzalco,308
2014-01-01,Benito Juarez,137
2014-01-01,Coyoacan,185
2014-01-01,Cuajimalpa de Morelos,222
2014-01-01,Cuauhtemoc,108
2014-01-01,Gustavo A. Madero,189
2014-01-01,Iztacalco,177
2014-01-01,Iztapalapa,295
2014-01-01,La Magdalena Contreras,59
2014-01-01,Miguel Hidalgo,75
2014-01-01,Milpa Alta,98
2014-01-01,Tlalpan,175
2014-01-01,Tlahuac,163
2014-01-01,Venustiano Carranza,173
2014-01-01,Xochimilco,118
2014-01-01,Alvaro Obregon,125
2015-01-01,Azcapotzalco,304
2015-01-01,Benito Juarez,86
2015-01-01,Coyoacan,157
2015-01-01,Cuajimalpa de Morelos,275
2015-01-01,Cuauhtemoc,77
2015-01-01,Gustavo A. Madero,186
2015-01-01,Iztacalco,191
2015-01-01,Iztapalapa,265
2015-01-01,La Magdalena Contreras,95
2015-01-01,Miguel Hidalgo,65
2015-01-01,Milpa Alta,123
2015-01-01,Tlalpan,215
2015-01-01,Tlahuac,143
2015-01-01,Venustiano Carranza,173
2015-01-01,Xochimilco,110
2015-01-01,Alvaro Obregon,117
2016-01-01,Azcapotzalco,189
2016-01-01,Benito Juarez,44
2016-01-01,Coyoacan,86
2016-01-01,Cuajimalpa de Morelos,162
2016-01-01,Cuauhtemoc,49
2016-01-01,Gustavo A. Madero,87
2016-01-01,Iztacalco,148
2016-01-01,Iztapalapa,115
2016-01-01,La Magdalena Contreras,40
2016-01-01,Miguel Hidalgo,47
2016-01-01,Milpa Alta,70
2016-01-01,Tlalpan,71
2016-01-01,Tlahuac,98
2016-01-01,Venustiano Carranza,103
2016-01-01,Xochimilco,118
2016-01-01,Alvaro Obregon,70
2017-01-01,Azcapotzalco,105
2017-01-01,Benito Juarez,45
2017-01-01,Coyoacan,50
2017-01-01,Cuajimalpa de Morelos,151
2017-01-01,Cuauhtemoc,35
2017-01-01,Gustavo A. Madero,85
2017-01-01,Iztacalco,100
2017-01-01,Iztapalapa,87
2017-01-01,La Magdalena Contreras,31
2017-01-01,Miguel Hidalgo,29
2017-01-01,Milpa Alta,48
2017-01-01,Tlalpan,84
2017-01-01,Tlahuac,93
2017-01-01,Venustiano Carranza,65
2017-01-01,Xochimilco,85
2017-01-01,Alvaro Obregon,56
2018-01-01,Azcapotzalco,385
2018-01-01,Benito Juarez,151
2018-01-01,Coyoacan,225
2018-01-01,Cuajimalpa de Morelos,416
2018-01-01,Cuauhtemoc,153
2018-01-01,Gustavo A. Madero,259
2018-01-01,Iztacalco,289
2018-01-01,Iztapalapa,409
2018-01-01,La Magdalena Contreras,136
2018-01-01,Miguel Hidalgo,91
2018-01-01,Milpa Alta,146
2018-01-01,Tlalpan,221
2018-01-01,Tlahuac,231
2018-01-01,Venustiano Carranza,291
2018-01-01,Xochimilco,223
2018-01-01,Alvaro Obregon,195
2019-01-01,Azcapotzalco,430
2019-01-01,Benito Juarez,174
2019-01-01,Coyoacan,241
2019-01-01,Cuajimalpa de Morelos,400
2019-01-01,Cuauhtemoc,160
2019-01-01,Gustavo A. Madero,403
2019-01-01,Iztacalco,296
2019-01-01,Iztapalapa,584
2019-01-01,La Magdalena Contreras,193
2019-01-01,Miguel Hidalgo,82
2019-01-01,Milpa Alta,179
2019-01-01,Tlalpan,273
2019-01-01,Tlahuac,211
2019-01-01,Venustiano Carranza,356
2019-01-01,Xochimilco,233
2019-01-01,Alvaro Obregon,270
2020-01-01,Azcapotzalco,173
2020-01-01,Benito Juarez,52
2020-01-01,Coyoacan,129
2020-01-01,Cuajimalpa de Morelos,124
2020-01-01,Cuauhtemoc,80
2020-01-01,Gustavo A. Madero,212
2020-01-01,Iztacalco,149
2020-01-01,Iztapalapa,276
2020-01-01,La Magdalena Contreras,87
2020-01-01,Miguel Hidalgo,51
2020-01-01,Milpa Alta,75
2020-01-01,Tlalpan,147
2020-01-01,Tlahuac,111
2020-01-01,Venustiano Carranza,121
2020-01-01,Xochimilco,146
2020-01-01,Alvaro Obregon,125