,FECHA,MUNICIPIO RESIDENCIA,CASOS
3,2020-01-29,Iztacalco,1
5,2020-02-07,Benito Juárez,1
6,2020-02-12,Cuajimalpa de Morelos,1
7,2020-02-27,Gustavo A. Madero,1
8,2020-02-27,Iztapalapa,1
9,2020-02-27,Miguel Hidalgo,1
13,2020-03-02,Coyoacán,1
16,2020-03-05,Álvaro Obregón,1
17,2020-03-07,Miguel Hidalgo,1
18,2020-03-08,Coyoacán,1
19,2020-03-08,Miguel Hidalgo,1
21,2020-03-09,Coyoacán,1
23,2020-03-10,Benito Juárez,2
24,2020-03-10,Cuajimalpa de Morelos,1
26,2020-03-10,Tlalpan,2
27,2020-03-11,Azcapotzalco,1
28,2020-03-11,Benito Juárez,3
29,2020-03-11,Cuajimalpa de Morelos,2
30,2020-03-11,Cuauhtémoc,1
31,2020-03-11,Gustavo A. Madero,1
32,2020-03-11,Iztapalapa,1
33,2020-03-11,La Magdalena Contreras,2
34,2020-03-11,Miguel Hidalgo,4
36,2020-03-11,Tlalpan,1
37,2020-03-11,Álvaro Obregón,1
38,2020-03-12,Coyoacán,2
39,2020-03-12,Cuajimalpa de Morelos,5
40,2020-03-12,Gustavo A. Madero,1
41,2020-03-12,Iztacalco,1
42,2020-03-12,Miguel Hidalgo,9
44,2020-03-12,Tlalpan,1
45,2020-03-12,Álvaro Obregón,1
46,2020-03-13,Benito Juárez,3
47,2020-03-13,Cuajimalpa de Morelos,3
48,2020-03-13,Cuauhtémoc,1
49,2020-03-13,Gustavo A. Madero,1
50,2020-03-13,La Magdalena Contreras,1
51,2020-03-13,Miguel Hidalgo,9
53,2020-03-13,Tlalpan,3
54,2020-03-13,Venustiano Carranza,1
55,2020-03-13,Xochimilco,2
56,2020-03-13,Álvaro Obregón,5
57,2020-03-14,Azcapotzalco,1
58,2020-03-14,Benito Juárez,2
59,2020-03-14,Cuajimalpa de Morelos,7
60,2020-03-14,Gustavo A. Madero,5
61,2020-03-14,Iztacalco,1
62,2020-03-14,Iztapalapa,1
63,2020-03-14,La Magdalena Contreras,1
64,2020-03-14,Miguel Hidalgo,6
66,2020-03-14,Tlalpan,2
67,2020-03-14,Álvaro Obregón,4
68,2020-03-15,Benito Juárez,1
69,2020-03-15,Coyoacán,1
70,2020-03-15,Cuajimalpa de Morelos,2
71,2020-03-15,Gustavo A. Madero,1
72,2020-03-15,Miguel Hidalgo,5
74,2020-03-15,Tlalpan,1
75,2020-03-15,Venustiano Carranza,1
76,2020-03-16,Azcapotzalco,2
77,2020-03-16,Benito Juárez,1
78,2020-03-16,Coyoacán,1
79,2020-03-16,Cuajimalpa de Morelos,3
80,2020-03-16,Gustavo A. Madero,3
81,2020-03-16,Miguel Hidalgo,12
83,2020-03-16,Tlalpan,1
84,2020-03-16,Venustiano Carranza,1
85,2020-03-16,Xochimilco,1
86,2020-03-16,Álvaro Obregón,8
87,2020-03-17,Azcapotzalco,1
88,2020-03-17,Benito Juárez,4
89,2020-03-17,Coyoacán,1
90,2020-03-17,Cuajimalpa de Morelos,14
91,2020-03-17,Cuauhtémoc,3
92,2020-03-17,Gustavo A. Madero,3
93,2020-03-17,Iztacalco,2
94,2020-03-17,Iztapalapa,2
95,2020-03-17,La Magdalena Contreras,4
96,2020-03-17,Miguel Hidalgo,8
98,2020-03-17,Tlalpan,2
99,2020-03-17,Tláhuac,1
100,2020-03-17,Xochimilco,1
101,2020-03-17,Álvaro Obregón,2
102,2020-03-18,Azcapotzalco,4
103,2020-03-18,Benito Juárez,2
104,2020-03-18,Coyoacán,1
105,2020-03-18,Cuajimalpa de Morelos,7
106,2020-03-18,Cuauhtémoc,3
107,2020-03-18,Gustavo A. Madero,4
108,2020-03-18,Iztacalco,1
109,2020-03-18,Iztapalapa,3
110,2020-03-18,La Magdalena Contreras,2
111,2020-03-18,Miguel Hidalgo,12
113,2020-03-18,Tláhuac,2
114,2020-03-18,Venustiano Carranza,1
115,2020-03-18,Álvaro Obregón,5
116,2020-03-19,Azcapotzalco,2
117,2020-03-19,Benito Juárez,2
118,2020-03-19,Coyoacán,3
119,2020-03-19,Cuajimalpa de Morelos,9
120,2020-03-19,Cuauhtémoc,1
121,2020-03-19,Gustavo A. Madero,8
122,2020-03-19,Iztapalapa,1
123,2020-03-19,La Magdalena Contreras,1
124,2020-03-19,Miguel Hidalgo,16
125,2020-03-19,Milpa Alta,1
127,2020-03-19,Tlalpan,5
128,2020-03-19,Tláhuac,1
129,2020-03-19,Venustiano Carranza,4
130,2020-03-19,Xochimilco,3
131,2020-03-19,Álvaro Obregón,4
132,2020-03-20,Azcapotzalco,2
133,2020-03-20,Benito Juárez,1
134,2020-03-20,Coyoacán,2
135,2020-03-20,Cuajimalpa de Morelos,10
136,2020-03-20,Cuauhtémoc,1
137,2020-03-20,Gustavo A. Madero,3
138,2020-03-20,Iztacalco,2
139,2020-03-20,Iztapalapa,2
140,2020-03-20,La Magdalena Contreras,2
141,2020-03-20,Miguel Hidalgo,3
143,2020-03-20,Tlalpan,1
144,2020-03-20,Tláhuac,1
145,2020-03-20,Venustiano Carranza,1
146,2020-03-20,Xochimilco,1
147,2020-03-20,Álvaro Obregón,5
148,2020-03-21,Azcapotzalco,2
149,2020-03-21,Benito Juárez,2
150,2020-03-21,Coyoacán,1
151,2020-03-21,Cuajimalpa de Morelos,1
152,2020-03-21,Cuauhtémoc,4
153,2020-03-21,Gustavo A. Madero,3
154,2020-03-21,Iztapalapa,2
155,2020-03-21,La Magdalena Contreras,1
156,2020-03-21,Miguel Hidalgo,1
158,2020-03-21,Venustiano Carranza,1
159,2020-03-21,Xochimilco,3
160,2020-03-21,Álvaro Obregón,2
161,2020-03-22,Azcapotzalco,3
162,2020-03-22,Coyoacán,1
163,2020-03-22,Gustavo A. Madero,3
164,2020-03-22,Iztacalco,2
165,2020-03-22,Iztapalapa,1
166,2020-03-22,La Magdalena Contreras,2
167,2020-03-22,Miguel Hidalgo,1
168,2020-03-22,Milpa Alta,1
170,2020-03-22,Tlalpan,2
171,2020-03-22,Venustiano Carranza,2
172,2020-03-22,Xochimilco,1
173,2020-03-22,Álvaro Obregón,2
174,2020-03-23,Azcapotzalco,10
175,2020-03-23,Benito Juárez,2
176,2020-03-23,Coyoacán,2
177,2020-03-23,Cuajimalpa de Morelos,4
178,2020-03-23,Cuauhtémoc,3
179,2020-03-23,Gustavo A. Madero,8
180,2020-03-23,Iztacalco,2
181,2020-03-23,Iztapalapa,8
182,2020-03-23,La Magdalena Contreras,4
183,2020-03-23,Miguel Hidalgo,4
185,2020-03-23,Tlalpan,3
186,2020-03-23,Tláhuac,1
187,2020-03-23,Venustiano Carranza,5
188,2020-03-23,Xochimilco,5
189,2020-03-23,Álvaro Obregón,1
190,2020-03-24,Azcapotzalco,8
191,2020-03-24,Benito Juárez,5
192,2020-03-24,Cuajimalpa de Morelos,21
193,2020-03-24,Cuauhtémoc,2
194,2020-03-24,Gustavo A. Madero,9
195,2020-03-24,Iztacalco,6
196,2020-03-24,Iztapalapa,9
197,2020-03-24,La Magdalena Contreras,10
198,2020-03-24,Miguel Hidalgo,4
200,2020-03-24,Tlalpan,3
201,2020-03-24,Venustiano Carranza,2
202,2020-03-24,Xochimilco,3
203,2020-03-24,Álvaro Obregón,2
204,2020-03-25,Azcapotzalco,4
205,2020-03-25,Benito Juárez,2
206,2020-03-25,Coyoacán,3
207,2020-03-25,Cuajimalpa de Morelos,10
208,2020-03-25,Cuauhtémoc,2
209,2020-03-25,Gustavo A. Madero,8
210,2020-03-25,Iztacalco,7
211,2020-03-25,Iztapalapa,3
212,2020-03-25,La Magdalena Contreras,6
213,2020-03-25,Miguel Hidalgo,3
214,2020-03-25,Milpa Alta,1
216,2020-03-25,Tlalpan,4
217,2020-03-25,Venustiano Carranza,1
218,2020-03-25,Xochimilco,2
219,2020-03-25,Álvaro Obregón,3
220,2020-03-26,Azcapotzalco,8
221,2020-03-26,Benito Juárez,4
222,2020-03-26,Coyoacán,7
223,2020-03-26,Cuajimalpa de Morelos,14
224,2020-03-26,Cuauhtémoc,6
225,2020-03-26,Gustavo A. Madero,9
226,2020-03-26,Iztacalco,8
227,2020-03-26,Iztapalapa,5
228,2020-03-26,La Magdalena Contreras,2
229,2020-03-26,Miguel Hidalgo,7
230,2020-03-26,Milpa Alta,3
232,2020-03-26,Tlalpan,8
233,2020-03-26,Tláhuac,1
234,2020-03-26,Venustiano Carranza,4
235,2020-03-26,Álvaro Obregón,9
236,2020-03-27,Azcapotzalco,9
237,2020-03-27,Benito Juárez,5
238,2020-03-27,Coyoacán,7
239,2020-03-27,Cuajimalpa de Morelos,23
240,2020-03-27,Cuauhtémoc,4
241,2020-03-27,Gustavo A. Madero,10
242,2020-03-27,Iztacalco,12
243,2020-03-27,Iztapalapa,9
244,2020-03-27,La Magdalena Contreras,5
245,2020-03-27,Miguel Hidalgo,2
247,2020-03-27,Tlalpan,4
248,2020-03-27,Venustiano Carranza,4
249,2020-03-27,Xochimilco,6
250,2020-03-27,Álvaro Obregón,5
251,2020-03-28,Azcapotzalco,6
252,2020-03-28,Benito Juárez,7
253,2020-03-28,Coyoacán,6
254,2020-03-28,Cuajimalpa de Morelos,7
255,2020-03-28,Cuauhtémoc,6
256,2020-03-28,Gustavo A. Madero,13
257,2020-03-28,Iztacalco,7
258,2020-03-28,Iztapalapa,10
259,2020-03-28,La Magdalena Contreras,2
260,2020-03-28,Miguel Hidalgo,5
261,2020-03-28,Milpa Alta,2
263,2020-03-28,Tlalpan,3
264,2020-03-28,Tláhuac,1
265,2020-03-28,Venustiano Carranza,1
266,2020-03-28,Xochimilco,4
267,2020-03-28,Álvaro Obregón,3
268,2020-03-29,Azcapotzalco,9
269,2020-03-29,Benito Juárez,6
270,2020-03-29,Coyoacán,2
271,2020-03-29,Cuajimalpa de Morelos,24
272,2020-03-29,Cuauhtémoc,2
273,2020-03-29,Gustavo A. Madero,9
274,2020-03-29,Iztacalco,3
275,2020-03-29,Iztapalapa,6
276,2020-03-29,La Magdalena Contreras,3
277,2020-03-29,Miguel Hidalgo,2
278,2020-03-29,Milpa Alta,1
280,2020-03-29,Tlalpan,3
281,2020-03-29,Venustiano Carranza,2
282,2020-03-29,Xochimilco,6
283,2020-03-29,Álvaro Obregón,3
284,2020-03-30,Azcapotzalco,15
285,2020-03-30,Benito Juárez,3
286,2020-03-30,Coyoacán,5
287,2020-03-30,Cuajimalpa de Morelos,26
288,2020-03-30,Cuauhtémoc,7
289,2020-03-30,Gustavo A. Madero,27
290,2020-03-30,Iztacalco,14
291,2020-03-30,Iztapalapa,9
292,2020-03-30,La Magdalena Contreras,20
293,2020-03-30,Miguel Hidalgo,6
294,2020-03-30,Milpa Alta,1
296,2020-03-30,Tlalpan,10
297,2020-03-30,Tláhuac,2
298,2020-03-30,Venustiano Carranza,7
299,2020-03-30,Xochimilco,8
300,2020-03-30,Álvaro Obregón,9
301,2020-03-31,Azcapotzalco,19
302,2020-03-31,Benito Juárez,11
303,2020-03-31,Coyoacán,5
304,2020-03-31,Cuajimalpa de Morelos,38
305,2020-03-31,Cuauhtémoc,13
306,2020-03-31,Gustavo A. Madero,15
307,2020-03-31,Iztacalco,14
308,2020-03-31,Iztapalapa,6
309,2020-03-31,La Magdalena Contreras,12
310,2020-03-31,Miguel Hidalgo,5
312,2020-03-31,Tlalpan,6
313,2020-03-31,Tláhuac,3
314,2020-03-31,Venustiano Carranza,5
315,2020-03-31,Xochimilco,3
316,2020-03-31,Álvaro Obregón,5
317,2020-04-01,Azcapotzalco,26
318,2020-04-01,Benito Juárez,9
319,2020-04-01,Coyoacán,7
320,2020-04-01,Cuajimalpa de Morelos,47
321,2020-04-01,Cuauhtémoc,5
322,2020-04-01,Gustavo A. Madero,24
323,2020-04-01,Iztacalco,11
324,2020-04-01,Iztapalapa,10
325,2020-04-01,La Magdalena Contreras,12
326,2020-04-01,Miguel Hidalgo,10
327,2020-04-01,Milpa Alta,3
329,2020-04-01,Tlalpan,4
330,2020-04-01,Tláhuac,1
331,2020-04-01,Venustiano Carranza,4
332,2020-04-01,Xochimilco,8
333,2020-04-01,Álvaro Obregón,8
334,2020-04-02,Azcapotzalco,22
335,2020-04-02,Benito Juárez,7
336,2020-04-02,Coyoacán,7
337,2020-04-02,Cuajimalpa de Morelos,32
338,2020-04-02,Cuauhtémoc,4
339,2020-04-02,Gustavo A. Madero,22
340,2020-04-02,Iztacalco,29
341,2020-04-02,Iztapalapa,13
342,2020-04-02,La Magdalena Contreras,9
343,2020-04-02,Miguel Hidalgo,7
345,2020-04-02,Tlalpan,4
346,2020-04-02,Tláhuac,5
347,2020-04-02,Venustiano Carranza,5
348,2020-04-02,Xochimilco,5
349,2020-04-02,Álvaro Obregón,8
350,2020-04-03,Azcapotzalco,15
351,2020-04-03,Benito Juárez,15
352,2020-04-03,Coyoacán,11
353,2020-04-03,Cuajimalpa de Morelos,41
354,2020-04-03,Cuauhtémoc,6
355,2020-04-03,Gustavo A. Madero,25
356,2020-04-03,Iztacalco,15
357,2020-04-03,Iztapalapa,14
358,2020-04-03,La Magdalena Contreras,19
359,2020-04-03,Milpa Alta,4
361,2020-04-03,Tlalpan,7
362,2020-04-03,Tláhuac,1
363,2020-04-03,Venustiano Carranza,8
364,2020-04-03,Xochimilco,9
365,2020-04-03,Álvaro Obregón,9
366,2020-04-04,Azcapotzalco,4
367,2020-04-04,Benito Juárez,5
368,2020-04-04,Coyoacán,8
369,2020-04-04,Cuajimalpa de Morelos,25
370,2020-04-04,Cuauhtémoc,6
371,2020-04-04,Gustavo A. Madero,18
372,2020-04-04,Iztacalco,12
373,2020-04-04,Iztapalapa,19
374,2020-04-04,La Magdalena Contreras,4
375,2020-04-04,Miguel Hidalgo,4
377,2020-04-04,Tlalpan,2
378,2020-04-04,Tláhuac,4
379,2020-04-04,Venustiano Carranza,8
380,2020-04-04,Xochimilco,3
381,2020-04-04,Álvaro Obregón,3
382,2020-04-05,Azcapotzalco,7
383,2020-04-05,Benito Juárez,4
384,2020-04-05,Coyoacán,10
385,2020-04-05,Cuajimalpa de Morelos,22
386,2020-04-05,Cuauhtémoc,8
387,2020-04-05,Gustavo A. Madero,16
388,2020-04-05,Iztacalco,16
389,2020-04-05,Iztapalapa,12
390,2020-04-05,La Magdalena Contreras,3
391,2020-04-05,Miguel Hidalgo,2
392,2020-04-05,Milpa Alta,3
394,2020-04-05,Tlalpan,5
395,2020-04-05,Tláhuac,3
396,2020-04-05,Venustiano Carranza,7
397,2020-04-05,Xochimilco,7
398,2020-04-05,Álvaro Obregón,4
399,2020-04-06,Azcapotzalco,29
400,2020-04-06,Benito Juárez,10
401,2020-04-06,Coyoacán,22
402,2020-04-06,Cuajimalpa de Morelos,51
403,2020-04-06,Cuauhtémoc,13
404,2020-04-06,Gustavo A. Madero,42
405,2020-04-06,Iztacalco,29
406,2020-04-06,Iztapalapa,24
407,2020-04-06,La Magdalena Contreras,23
408,2020-04-06,Miguel Hidalgo,7
409,2020-04-06,Milpa Alta,1
411,2020-04-06,Tlalpan,8
412,2020-04-06,Tláhuac,4
413,2020-04-06,Venustiano Carranza,18
414,2020-04-06,Xochimilco,11
415,2020-04-06,Álvaro Obregón,13
416,2020-04-07,Azcapotzalco,26
417,2020-04-07,Benito Juárez,11
418,2020-04-07,Coyoacán,16
419,2020-04-07,Cuajimalpa de Morelos,34
420,2020-04-07,Cuauhtémoc,9
421,2020-04-07,Gustavo A. Madero,39
422,2020-04-07,Iztacalco,23
423,2020-04-07,Iztapalapa,23
424,2020-04-07,La Magdalena Contreras,20
425,2020-04-07,Miguel Hidalgo,3
426,2020-04-07,Milpa Alta,13
428,2020-04-07,Tlalpan,18
429,2020-04-07,Tláhuac,5
430,2020-04-07,Venustiano Carranza,11
431,2020-04-07,Xochimilco,21
432,2020-04-07,Álvaro Obregón,5
433,2020-04-08,Azcapotzalco,39
434,2020-04-08,Benito Juárez,10
435,2020-04-08,Coyoacán,18
436,2020-04-08,Cuajimalpa de Morelos,47
437,2020-04-08,Cuauhtémoc,18
438,2020-04-08,Gustavo A. Madero,47
439,2020-04-08,Iztacalco,25
440,2020-04-08,Iztapalapa,18
441,2020-04-08,La Magdalena Contreras,26
442,2020-04-08,Miguel Hidalgo,9
443,2020-04-08,Milpa Alta,2
445,2020-04-08,Tlalpan,17
446,2020-04-08,Tláhuac,3
447,2020-04-08,Venustiano Carranza,8
448,2020-04-08,Xochimilco,14
449,2020-04-08,Álvaro Obregón,8
450,2020-04-09,Azcapotzalco,24
451,2020-04-09,Benito Juárez,11
452,2020-04-09,Coyoacán,17
453,2020-04-09,Cuajimalpa de Morelos,49
454,2020-04-09,Cuauhtémoc,13
455,2020-04-09,Gustavo A. Madero,21
456,2020-04-09,Iztacalco,17
457,2020-04-09,Iztapalapa,24
458,2020-04-09,La Magdalena Contreras,23
459,2020-04-09,Miguel Hidalgo,6
460,2020-04-09,Milpa Alta,5
462,2020-04-09,Tlalpan,12
463,2020-04-09,Tláhuac,8
464,2020-04-09,Venustiano Carranza,7
465,2020-04-09,Xochimilco,6
466,2020-04-09,Álvaro Obregón,16
467,2020-04-10,Azcapotzalco,32
468,2020-04-10,Benito Juárez,12
469,2020-04-10,Coyoacán,26
470,2020-04-10,Cuajimalpa de Morelos,37
471,2020-04-10,Cuauhtémoc,13
472,2020-04-10,Gustavo A. Madero,33
473,2020-04-10,Iztacalco,33
474,2020-04-10,Iztapalapa,24
475,2020-04-10,La Magdalena Contreras,15
476,2020-04-10,Miguel Hidalgo,6
477,2020-04-10,Milpa Alta,13
479,2020-04-10,Tlalpan,17
480,2020-04-10,Tláhuac,5
481,2020-04-10,Venustiano Carranza,7
482,2020-04-10,Xochimilco,12
483,2020-04-10,Álvaro Obregón,17
484,2020-04-11,Azcapotzalco,30
485,2020-04-11,Benito Juárez,11
486,2020-04-11,Coyoacán,25
487,2020-04-11,Cuajimalpa de Morelos,28
488,2020-04-11,Cuauhtémoc,10
489,2020-04-11,Gustavo A. Madero,25
490,2020-04-11,Iztacalco,26
491,2020-04-11,Iztapalapa,16
492,2020-04-11,La Magdalena Contreras,7
493,2020-04-11,Miguel Hidalgo,5
494,2020-04-11,Milpa Alta,2
496,2020-04-11,Tlalpan,16
497,2020-04-11,Tláhuac,2
498,2020-04-11,Venustiano Carranza,6
499,2020-04-11,Xochimilco,16
500,2020-04-11,Álvaro Obregón,7
501,2020-04-12,Azcapotzalco,31
502,2020-04-12,Benito Juárez,11
503,2020-04-12,Coyoacán,11
504,2020-04-12,Cuajimalpa de Morelos,44
505,2020-04-12,Cuauhtémoc,8
506,2020-04-12,Gustavo A. Madero,39
507,2020-04-12,Iztacalco,31
508,2020-04-12,Iztapalapa,17
509,2020-04-12,La Magdalena Contreras,8
510,2020-04-12,Miguel Hidalgo,9
511,2020-04-12,Milpa Alta,5
513,2020-04-12,Tlalpan,15
514,2020-04-12,Tláhuac,5
515,2020-04-12,Venustiano Carranza,6
516,2020-04-12,Xochimilco,10
517,2020-04-12,Álvaro Obregón,8
518,2020-04-13,Azcapotzalco,43
519,2020-04-13,Benito Juárez,22
520,2020-04-13,Coyoacán,28
521,2020-04-13,Cuajimalpa de Morelos,71
522,2020-04-13,Cuauhtémoc,22
523,2020-04-13,Gustavo A. Madero,62
524,2020-04-13,Iztacalco,70
525,2020-04-13,Iztapalapa,54
526,2020-04-13,La Magdalena Contreras,20
527,2020-04-13,Miguel Hidalgo,14
528,2020-04-13,Milpa Alta,5
530,2020-04-13,Tlalpan,34
531,2020-04-13,Tláhuac,13
532,2020-04-13,Venustiano Carranza,11
533,2020-04-13,Xochimilco,19
534,2020-04-13,Álvaro Obregón,16
535,2020-04-14,Azcapotzalco,62
536,2020-04-14,Benito Juárez,22
537,2020-04-14,Coyoacán,23
538,2020-04-14,Cuajimalpa de Morelos,82
539,2020-04-14,Cuauhtémoc,16
540,2020-04-14,Gustavo A. Madero,48
541,2020-04-14,Iztacalco,51
542,2020-04-14,Iztapalapa,51
543,2020-04-14,La Magdalena Contreras,31
544,2020-04-14,Miguel Hidalgo,14
545,2020-04-14,Milpa Alta,10
547,2020-04-14,Tlalpan,23
548,2020-04-14,Tláhuac,11
549,2020-04-14,Venustiano Carranza,22
550,2020-04-14,Xochimilco,24
551,2020-04-14,Álvaro Obregón,29
552,2020-04-15,Azcapotzalco,58
553,2020-04-15,Benito Juárez,16
554,2020-04-15,Coyoacán,30
555,2020-04-15,Cuajimalpa de Morelos,84
556,2020-04-15,Cuauhtémoc,20
557,2020-04-15,Gustavo A. Madero,56
558,2020-04-15,Iztacalco,57
559,2020-04-15,Iztapalapa,44
560,2020-04-15,La Magdalena Contreras,14
561,2020-04-15,Miguel Hidalgo,8
562,2020-04-15,Milpa Alta,8
564,2020-04-15,Tlalpan,22
565,2020-04-15,Tláhuac,10
566,2020-04-15,Venustiano Carranza,15
567,2020-04-15,Xochimilco,24
568,2020-04-15,Álvaro Obregón,23
569,2020-04-16,Azcapotzalco,53
570,2020-04-16,Benito Juárez,16
571,2020-04-16,Coyoacán,34
572,2020-04-16,Cuajimalpa de Morelos,89
573,2020-04-16,Cuauhtémoc,20
574,2020-04-16,Gustavo A. Madero,47
575,2020-04-16,Iztacalco,57
576,2020-04-16,Iztapalapa,62
577,2020-04-16,La Magdalena Contreras,12
578,2020-04-16,Miguel Hidalgo,9
579,2020-04-16,Milpa Alta,5
581,2020-04-16,Tlalpan,34
582,2020-04-16,Tláhuac,11
583,2020-04-16,Venustiano Carranza,10
584,2020-04-16,Xochimilco,19
585,2020-04-16,Álvaro Obregón,29
586,2020-04-17,Azcapotzalco,66
587,2020-04-17,Benito Juárez,21
588,2020-04-17,Coyoacán,32
589,2020-04-17,Cuajimalpa de Morelos,75
590,2020-04-17,Cuauhtémoc,23
591,2020-04-17,Gustavo A. Madero,75
592,2020-04-17,Iztacalco,50
593,2020-04-17,Iztapalapa,69
594,2020-04-17,La Magdalena Contreras,28
595,2020-04-17,Miguel Hidalgo,15
596,2020-04-17,Milpa Alta,24
598,2020-04-17,Tlalpan,51
599,2020-04-17,Tláhuac,15
600,2020-04-17,Venustiano Carranza,23
601,2020-04-17,Xochimilco,27
602,2020-04-17,Álvaro Obregón,30
603,2020-04-18,Azcapotzalco,28
604,2020-04-18,Benito Juárez,17
605,2020-04-18,Coyoacán,27
606,2020-04-18,Cuajimalpa de Morelos,64
607,2020-04-18,Cuauhtémoc,12
608,2020-04-18,Gustavo A. Madero,53
609,2020-04-18,Iztacalco,43
610,2020-04-18,Iztapalapa,47
611,2020-04-18,La Magdalena Contreras,16
612,2020-04-18,Miguel Hidalgo,6
613,2020-04-18,Milpa Alta,12
615,2020-04-18,Tlalpan,30
616,2020-04-18,Tláhuac,13
617,2020-04-18,Venustiano Carranza,16
618,2020-04-18,Xochimilco,27
619,2020-04-18,Álvaro Obregón,13
620,2020-04-19,Azcapotzalco,27
621,2020-04-19,Benito Juárez,16
622,2020-04-19,Coyoacán,24
623,2020-04-19,Cuajimalpa de Morelos,57
624,2020-04-19,Cuauhtémoc,6
625,2020-04-19,Gustavo A. Madero,46
626,2020-04-19,Iztacalco,39
627,2020-04-19,Iztapalapa,65
628,2020-04-19,La Magdalena Contreras,18
629,2020-04-19,Miguel Hidalgo,10
630,2020-04-19,Milpa Alta,7
632,2020-04-19,Tlalpan,23
633,2020-04-19,Tláhuac,11
634,2020-04-19,Venustiano Carranza,11
635,2020-04-19,Xochimilco,16
636,2020-04-19,Álvaro Obregón,14
637,2020-04-20,Azcapotzalco,58
638,2020-04-20,Benito Juárez,27
639,2020-04-20,Coyoacán,42
640,2020-04-20,Cuajimalpa de Morelos,114
641,2020-04-20,Cuauhtémoc,30
642,2020-04-20,Gustavo A. Madero,94
643,2020-04-20,Iztacalco,82
644,2020-04-20,Iztapalapa,111
645,2020-04-20,La Magdalena Contreras,18
646,2020-04-20,Miguel Hidalgo,22
647,2020-04-20,Milpa Alta,25
649,2020-04-20,Tlalpan,53
650,2020-04-20,Tláhuac,24
651,2020-04-20,Venustiano Carranza,28
652,2020-04-20,Xochimilco,55
653,2020-04-20,Álvaro Obregón,25
654,2020-04-21,Azcapotzalco,74
655,2020-04-21,Benito Juárez,18
656,2020-04-21,Coyoacán,40
657,2020-04-21,Cuajimalpa de Morelos,106
658,2020-04-21,Cuauhtémoc,29
659,2020-04-21,Gustavo A. Madero,113
660,2020-04-21,Iztacalco,53
661,2020-04-21,Iztapalapa,98
662,2020-04-21,La Magdalena Contreras,22
663,2020-04-21,Miguel Hidalgo,26
664,2020-04-21,Milpa Alta,17
666,2020-04-21,Tlalpan,60
667,2020-04-21,Tláhuac,24
668,2020-04-21,Venustiano Carranza,28
669,2020-04-21,Xochimilco,42
670,2020-04-21,Álvaro Obregón,33
671,2020-04-22,Azcapotzalco,53
672,2020-04-22,Benito Juárez,25
673,2020-04-22,Coyoacán,30
674,2020-04-22,Cuajimalpa de Morelos,112
675,2020-04-22,Cuauhtémoc,26
676,2020-04-22,Gustavo A. Madero,83
677,2020-04-22,Iztacalco,52
678,2020-04-22,Iztapalapa,111
679,2020-04-22,La Magdalena Contreras,25
680,2020-04-22,Miguel Hidalgo,13
681,2020-04-22,Milpa Alta,27
683,2020-04-22,Tlalpan,42
684,2020-04-22,Tláhuac,33
685,2020-04-22,Venustiano Carranza,44
686,2020-04-22,Xochimilco,40
687,2020-04-22,Álvaro Obregón,23
688,2020-04-23,Azcapotzalco,75
689,2020-04-23,Benito Juárez,25
690,2020-04-23,Coyoacán,52
691,2020-04-23,Cuajimalpa de Morelos,96
692,2020-04-23,Cuauhtémoc,26
693,2020-04-23,Gustavo A. Madero,103
694,2020-04-23,Iztacalco,60
695,2020-04-23,Iztapalapa,88
696,2020-04-23,La Magdalena Contreras,26
697,2020-04-23,Miguel Hidalgo,21
698,2020-04-23,Milpa Alta,17
700,2020-04-23,Tlalpan,33
701,2020-04-23,Tláhuac,22
702,2020-04-23,Venustiano Carranza,28
703,2020-04-23,Xochimilco,36
704,2020-04-23,Álvaro Obregón,32
705,2020-04-24,Azcapotzalco,61
706,2020-04-24,Benito Juárez,40
707,2020-04-24,Coyoacán,44
708,2020-04-24,Cuajimalpa de Morelos,89
709,2020-04-24,Cuauhtémoc,32
710,2020-04-24,Gustavo A. Madero,84
711,2020-04-24,Iztacalco,103
712,2020-04-24,Iztapalapa,113
713,2020-04-24,La Magdalena Contreras,53
714,2020-04-24,Miguel Hidalgo,28
715,2020-04-24,Milpa Alta,18
717,2020-04-24,Tlalpan,43
718,2020-04-24,Tláhuac,24
719,2020-04-24,Venustiano Carranza,37
720,2020-04-24,Xochimilco,54
721,2020-04-24,Álvaro Obregón,38
722,2020-04-25,Azcapotzalco,35
723,2020-04-25,Benito Juárez,20
724,2020-04-25,Coyoacán,34
725,2020-04-25,Cuajimalpa de Morelos,54
726,2020-04-25,Cuauhtémoc,21
727,2020-04-25,Gustavo A. Madero,62
728,2020-04-25,Iztacalco,37
729,2020-04-25,Iztapalapa,66
730,2020-04-25,La Magdalena Contreras,15
731,2020-04-25,Miguel Hidalgo,14
732,2020-04-25,Milpa Alta,19
734,2020-04-25,Tlalpan,33
735,2020-04-25,Tláhuac,11
736,2020-04-25,Venustiano Carranza,16
737,2020-04-25,Xochimilco,29
738,2020-04-25,Álvaro Obregón,15
739,2020-04-26,Azcapotzalco,33
740,2020-04-26,Benito Juárez,20
741,2020-04-26,Coyoacán,25
742,2020-04-26,Cuajimalpa de Morelos,64
743,2020-04-26,Cuauhtémoc,22
744,2020-04-26,Gustavo A. Madero,54
745,2020-04-26,Iztacalco,39
746,2020-04-26,Iztapalapa,86
747,2020-04-26,La Magdalena Contreras,18
748,2020-04-26,Miguel Hidalgo,9
749,2020-04-26,Milpa Alta,12
751,2020-04-26,Tlalpan,21
752,2020-04-26,Tláhuac,18
753,2020-04-26,Venustiano Carranza,25
754,2020-04-26,Xochimilco,17
755,2020-04-26,Álvaro Obregón,21
756,2020-04-27,Azcapotzalco,77
757,2020-04-27,Benito Juárez,22
758,2020-04-27,Coyoacán,39
759,2020-04-27,Cuajimalpa de Morelos,102
760,2020-04-27,Cuauhtémoc,39
761,2020-04-27,Gustavo A. Madero,110
762,2020-04-27,Iztacalco,115
763,2020-04-27,Iztapalapa,129
764,2020-04-27,La Magdalena Contreras,36
765,2020-04-27,Miguel Hidalgo,23
766,2020-04-27,Milpa Alta,22
768,2020-04-27,Tlalpan,44
769,2020-04-27,Tláhuac,27
770,2020-04-27,Venustiano Carranza,44
771,2020-04-27,Xochimilco,43
772,2020-04-27,Álvaro Obregón,54
773,2020-04-28,Azcapotzalco,59
774,2020-04-28,Benito Juárez,32
775,2020-04-28,Coyoacán,58
776,2020-04-28,Cuajimalpa de Morelos,90
777,2020-04-28,Cuauhtémoc,45
778,2020-04-28,Gustavo A. Madero,115
779,2020-04-28,Iztacalco,100
780,2020-04-28,Iztapalapa,129
781,2020-04-28,La Magdalena Contreras,13
782,2020-04-28,Miguel Hidalgo,25
783,2020-04-28,Milpa Alta,25
785,2020-04-28,Tlalpan,40
786,2020-04-28,Tláhuac,43
787,2020-04-28,Venustiano Carranza,45
788,2020-04-28,Xochimilco,43
789,2020-04-28,Álvaro Obregón,45
790,2020-04-29,Azcapotzalco,93
791,2020-04-29,Benito Juárez,35
792,2020-04-29,Coyoacán,49
793,2020-04-29,Cuajimalpa de Morelos,88
794,2020-04-29,Cuauhtémoc,35
795,2020-04-29,Gustavo A. Madero,115
796,2020-04-29,Iztacalco,88
797,2020-04-29,Iztapalapa,150
798,2020-04-29,La Magdalena Contreras,32
799,2020-04-29,Miguel Hidalgo,29
800,2020-04-29,Milpa Alta,27
802,2020-04-29,Tlalpan,61
803,2020-04-29,Tláhuac,29
804,2020-04-29,Venustiano Carranza,38
805,2020-04-29,Xochimilco,34
806,2020-04-29,Álvaro Obregón,38
807,2020-04-30,Azcapotzalco,76
808,2020-04-30,Benito Juárez,36
809,2020-04-30,Coyoacán,70
810,2020-04-30,Cuajimalpa de Morelos,114
811,2020-04-30,Cuauhtémoc,25
812,2020-04-30,Gustavo A. Madero,104
813,2020-04-30,Iztacalco,86
814,2020-04-30,Iztapalapa,144
815,2020-04-30,La Magdalena Contreras,27
816,2020-04-30,Miguel Hidalgo,22
817,2020-04-30,Milpa Alta,19
819,2020-04-30,Tlalpan,49
820,2020-04-30,Tláhuac,28
821,2020-04-30,Venustiano Carranza,48
822,2020-04-30,Xochimilco,48
823,2020-04-30,Álvaro Obregón,36
824,2020-05-01,Azcapotzalco,68
825,2020-05-01,Benito Juárez,17
826,2020-05-01,Coyoacán,28
827,2020-05-01,Cuajimalpa de Morelos,92
828,2020-05-01,Cuauhtémoc,24
829,2020-05-01,Gustavo A. Madero,85
830,2020-05-01,Iztacalco,78
831,2020-05-01,Iztapalapa,97
832,2020-05-01,La Magdalena Contreras,15
833,2020-05-01,Miguel Hidalgo,13
834,2020-05-01,Milpa Alta,10
836,2020-05-01,Tlalpan,40
837,2020-05-01,Tláhuac,18
838,2020-05-01,Venustiano Carranza,24
839,2020-05-01,Xochimilco,34
840,2020-05-01,Álvaro Obregón,33
841,2020-05-02,Azcapotzalco,60
842,2020-05-02,Benito Juárez,29
843,2020-05-02,Coyoacán,37
844,2020-05-02,Cuajimalpa de Morelos,79
845,2020-05-02,Cuauhtémoc,25
846,2020-05-02,Gustavo A. Madero,118
847,2020-05-02,Iztacalco,68
848,2020-05-02,Iztapalapa,94
849,2020-05-02,La Magdalena Contreras,11
850,2020-05-02,Miguel Hidalgo,20
851,2020-05-02,Milpa Alta,22
853,2020-05-02,Tlalpan,45
854,2020-05-02,Tláhuac,23
855,2020-05-02,Venustiano Carranza,23
856,2020-05-02,Xochimilco,33
857,2020-05-02,Álvaro Obregón,21
858,2020-05-03,Azcapotzalco,74
859,2020-05-03,Benito Juárez,30
860,2020-05-03,Coyoacán,33
861,2020-05-03,Cuajimalpa de Morelos,75
862,2020-05-03,Cuauhtémoc,20
863,2020-05-03,Gustavo A. Madero,62
864,2020-05-03,Iztacalco,55
865,2020-05-03,Iztapalapa,98
866,2020-05-03,La Magdalena Contreras,13
867,2020-05-03,Miguel Hidalgo,20
868,2020-05-03,Milpa Alta,16
870,2020-05-03,Tlalpan,37
871,2020-05-03,Tláhuac,30
872,2020-05-03,Venustiano Carranza,35
873,2020-05-03,Xochimilco,31
874,2020-05-03,Álvaro Obregón,19
875,2020-05-04,Azcapotzalco,121
876,2020-05-04,Benito Juárez,40
877,2020-05-04,Coyoacán,83
878,2020-05-04,Cuajimalpa de Morelos,129
879,2020-05-04,Cuauhtémoc,47
880,2020-05-04,Gustavo A. Madero,155
881,2020-05-04,Iztacalco,120
882,2020-05-04,Iztapalapa,155
883,2020-05-04,La Magdalena Contreras,28
884,2020-05-04,Miguel Hidalgo,30
885,2020-05-04,Milpa Alta,30
887,2020-05-04,Tlalpan,79
888,2020-05-04,Tláhuac,47
889,2020-05-04,Venustiano Carranza,82
890,2020-05-04,Xochimilco,89
891,2020-05-04,Álvaro Obregón,48
892,2020-05-05,Azcapotzalco,128
893,2020-05-05,Benito Juárez,38
894,2020-05-05,Coyoacán,61
895,2020-05-05,Cuajimalpa de Morelos,125
896,2020-05-05,Cuauhtémoc,44
897,2020-05-05,Gustavo A. Madero,121
898,2020-05-05,Iztacalco,67
899,2020-05-05,Iztapalapa,156
900,2020-05-05,La Magdalena Contreras,23
901,2020-05-05,Miguel Hidalgo,24
902,2020-05-05,Milpa Alta,23
904,2020-05-05,Tlalpan,75
905,2020-05-05,Tláhuac,40
906,2020-05-05,Venustiano Carranza,62
907,2020-05-05,Xochimilco,52
908,2020-05-05,Álvaro Obregón,46
909,2020-05-06,Azcapotzalco,114
910,2020-05-06,Benito Juárez,35
911,2020-05-06,Coyoacán,77
912,2020-05-06,Cuajimalpa de Morelos,130
913,2020-05-06,Cuauhtémoc,46
914,2020-05-06,Gustavo A. Madero,123
915,2020-05-06,Iztacalco,119
916,2020-05-06,Iztapalapa,174
917,2020-05-06,La Magdalena Contreras,22
918,2020-05-06,Miguel Hidalgo,32
919,2020-05-06,Milpa Alta,34
921,2020-05-06,Tlalpan,84
922,2020-05-06,Tláhuac,62
923,2020-05-06,Venustiano Carranza,77
924,2020-05-06,Xochimilco,59
925,2020-05-06,Álvaro Obregón,68
926,2020-05-07,Azcapotzalco,127
927,2020-05-07,Benito Juárez,35
928,2020-05-07,Coyoacán,87
929,2020-05-07,Cuajimalpa de Morelos,136
930,2020-05-07,Cuauhtémoc,57
931,2020-05-07,Gustavo A. Madero,145
932,2020-05-07,Iztacalco,100
933,2020-05-07,Iztapalapa,152
934,2020-05-07,La Magdalena Contreras,26
935,2020-05-07,Miguel Hidalgo,35
936,2020-05-07,Milpa Alta,30
938,2020-05-07,Tlalpan,87
939,2020-05-07,Tláhuac,36
940,2020-05-07,Venustiano Carranza,83
941,2020-05-07,Xochimilco,70
942,2020-05-07,Álvaro Obregón,53
943,2020-05-08,Azcapotzalco,146
944,2020-05-08,Benito Juárez,42
945,2020-05-08,Coyoacán,92
946,2020-05-08,Cuajimalpa de Morelos,104
947,2020-05-08,Cuauhtémoc,53
948,2020-05-08,Gustavo A. Madero,148
949,2020-05-08,Iztacalco,109
950,2020-05-08,Iztapalapa,221
951,2020-05-08,La Magdalena Contreras,36
952,2020-05-08,Miguel Hidalgo,35
953,2020-05-08,Milpa Alta,29
955,2020-05-08,Tlalpan,84
956,2020-05-08,Tláhuac,46
957,2020-05-08,Venustiano Carranza,70
958,2020-05-08,Xochimilco,87
959,2020-05-08,Álvaro Obregón,44
960,2020-05-09,Azcapotzalco,71
961,2020-05-09,Benito Juárez,43
962,2020-05-09,Coyoacán,38
963,2020-05-09,Cuajimalpa de Morelos,82
964,2020-05-09,Cuauhtémoc,31
965,2020-05-09,Gustavo A. Madero,76
966,2020-05-09,Iztacalco,68
967,2020-05-09,Iztapalapa,135
968,2020-05-09,La Magdalena Contreras,13
969,2020-05-09,Miguel Hidalgo,17
970,2020-05-09,Milpa Alta,19
972,2020-05-09,Tlalpan,34
973,2020-05-09,Tláhuac,31
974,2020-05-09,Venustiano Carranza,25
975,2020-05-09,Xochimilco,48
976,2020-05-09,Álvaro Obregón,36
977,2020-05-10,Azcapotzalco,84
978,2020-05-10,Benito Juárez,31
979,2020-05-10,Coyoacán,40
980,2020-05-10,Cuajimalpa de Morelos,63
981,2020-05-10,Cuauhtémoc,22
982,2020-05-10,Gustavo A. Madero,75
983,2020-05-10,Iztacalco,60
984,2020-05-10,Iztapalapa,94
985,2020-05-10,La Magdalena Contreras,21
986,2020-05-10,Miguel Hidalgo,16
987,2020-05-10,Milpa Alta,23
989,2020-05-10,Tlalpan,32
990,2020-05-10,Tláhuac,28
991,2020-05-10,Venustiano Carranza,33
992,2020-05-10,Xochimilco,54
993,2020-05-10,Álvaro Obregón,29
994,2020-05-11,Azcapotzalco,143
995,2020-05-11,Benito Juárez,68
996,2020-05-11,Coyoacán,95
997,2020-05-11,Cuajimalpa de Morelos,130
998,2020-05-11,Cuauhtémoc,84
999,2020-05-11,Gustavo A. Madero,162
1000,2020-05-11,Iztacalco,122
1001,2020-05-11,Iztapalapa,188
1002,2020-05-11,La Magdalena Contreras,63
1003,2020-05-11,Miguel Hidalgo,61
1004,2020-05-11,Milpa Alta,28
1006,2020-05-11,Tlalpan,77
1007,2020-05-11,Tláhuac,63
1008,2020-05-11,Venustiano Carranza,74
1009,2020-05-11,Xochimilco,80
1010,2020-05-11,Álvaro Obregón,61
1011,2020-05-12,Azcapotzalco,160
1012,2020-05-12,Benito Juárez,59
1013,2020-05-12,Coyoacán,96
1014,2020-05-12,Cuajimalpa de Morelos,99
1015,2020-05-12,Cuauhtémoc,68
1016,2020-05-12,Gustavo A. Madero,152
1017,2020-05-12,Iztacalco,111
1018,2020-05-12,Iztapalapa,185
1019,2020-05-12,La Magdalena Contreras,32
1020,2020-05-12,Miguel Hidalgo,52
1021,2020-05-12,Milpa Alta,31
1023,2020-05-12,Tlalpan,75
1024,2020-05-12,Tláhuac,76
1025,2020-05-12,Venustiano Carranza,91
1026,2020-05-12,Xochimilco,72
1027,2020-05-12,Álvaro Obregón,79
1028,2020-05-13,Azcapotzalco,152
1029,2020-05-13,Benito Juárez,46
1030,2020-05-13,Coyoacán,77
1031,2020-05-13,Cuajimalpa de Morelos,133
1032,2020-05-13,Cuauhtémoc,76
1033,2020-05-13,Gustavo A. Madero,175
1034,2020-05-13,Iztacalco,121
1035,2020-05-13,Iztapalapa,209
1036,2020-05-13,La Magdalena Contreras,45
1037,2020-05-13,Miguel Hidalgo,52
1038,2020-05-13,Milpa Alta,38
1040,2020-05-13,Tlalpan,86
1041,2020-05-13,Tláhuac,56
1042,2020-05-13,Venustiano Carranza,87
1043,2020-05-13,Xochimilco,84
1044,2020-05-13,Álvaro Obregón,70
1045,2020-05-14,Azcapotzalco,154
1046,2020-05-14,Benito Juárez,62
1047,2020-05-14,Coyoacán,67
1048,2020-05-14,Cuajimalpa de Morelos,138
1049,2020-05-14,Cuauhtémoc,55
1050,2020-05-14,Gustavo A. Madero,175
1051,2020-05-14,Iztacalco,119
1052,2020-05-14,Iztapalapa,191
1053,2020-05-14,La Magdalena Contreras,62
1054,2020-05-14,Miguel Hidalgo,38
1055,2020-05-14,Milpa Alta,26
1057,2020-05-14,Tlalpan,114
1058,2020-05-14,Tláhuac,70
1059,2020-05-14,Venustiano Carranza,74
1060,2020-05-14,Xochimilco,75
1061,2020-05-14,Álvaro Obregón,73
1062,2020-05-15,Azcapotzalco,190
1063,2020-05-15,Benito Juárez,64
1064,2020-05-15,Coyoacán,90
1065,2020-05-15,Cuajimalpa de Morelos,143
1066,2020-05-15,Cuauhtémoc,75
1067,2020-05-15,Gustavo A. Madero,172
1068,2020-05-15,Iztacalco,160
1069,2020-05-15,Iztapalapa,226
1070,2020-05-15,La Magdalena Contreras,39
1071,2020-05-15,Miguel Hidalgo,43
1072,2020-05-15,Milpa Alta,41
1074,2020-05-15,Tlalpan,101
1075,2020-05-15,Tláhuac,77
1076,2020-05-15,Venustiano Carranza,114
1077,2020-05-15,Xochimilco,118
1078,2020-05-15,Álvaro Obregón,65
1079,2020-05-16,Azcapotzalco,91
1080,2020-05-16,Benito Juárez,48
1081,2020-05-16,Coyoacán,71
1082,2020-05-16,Cuajimalpa de Morelos,70
1083,2020-05-16,Cuauhtémoc,48
1084,2020-05-16,Gustavo A. Madero,80
1085,2020-05-16,Iztacalco,79
1086,2020-05-16,Iztapalapa,135
1087,2020-05-16,La Magdalena Contreras,18
1088,2020-05-16,Miguel Hidalgo,46
1089,2020-05-16,Milpa Alta,27
1091,2020-05-16,Tlalpan,54
1092,2020-05-16,Tláhuac,46
1093,2020-05-16,Venustiano Carranza,55
1094,2020-05-16,Xochimilco,82
1095,2020-05-16,Álvaro Obregón,44
1096,2020-05-17,Azcapotzalco,71
1097,2020-05-17,Benito Juárez,38
1098,2020-05-17,Coyoacán,33
1099,2020-05-17,Cuajimalpa de Morelos,80
1100,2020-05-17,Cuauhtémoc,39
1101,2020-05-17,Gustavo A. Madero,72
1102,2020-05-17,Iztacalco,67
1103,2020-05-17,Iztapalapa,81
1104,2020-05-17,La Magdalena Contreras,14
1105,2020-05-17,Miguel Hidalgo,30
1106,2020-05-17,Milpa Alta,19
1108,2020-05-17,Tlalpan,50
1109,2020-05-17,Tláhuac,40
1110,2020-05-17,Venustiano Carranza,41
1111,2020-05-17,Xochimilco,55
1112,2020-05-17,Álvaro Obregón,39
1113,2020-05-18,Azcapotzalco,243
1114,2020-05-18,Benito Juárez,77
1115,2020-05-18,Coyoacán,111
1116,2020-05-18,Cuajimalpa de Morelos,147
1117,2020-05-18,Cuauhtémoc,88
1118,2020-05-18,Gustavo A. Madero,216
1119,2020-05-18,Iztacalco,150
1120,2020-05-18,Iztapalapa,259
1121,2020-05-18,La Magdalena Contreras,48
1122,2020-05-18,Miguel Hidalgo,68
1123,2020-05-18,Milpa Alta,48
1125,2020-05-18,Tlalpan,121
1126,2020-05-18,Tláhuac,84
1127,2020-05-18,Venustiano Carranza,103
1128,2020-05-18,Xochimilco,121
1129,2020-05-18,Álvaro Obregón,95
1130,2020-05-19,Azcapotzalco,201
1131,2020-05-19,Benito Juárez,89
1132,2020-05-19,Coyoacán,98
1133,2020-05-19,Cuajimalpa de Morelos,139
1134,2020-05-19,Cuauhtémoc,70
1135,2020-05-19,Gustavo A. Madero,208
1136,2020-05-19,Iztacalco,138
1137,2020-05-19,Iztapalapa,254
1138,2020-05-19,La Magdalena Contreras,42
1139,2020-05-19,Miguel Hidalgo,64
1140,2020-05-19,Milpa Alta,67
1142,2020-05-19,Tlalpan,107
1143,2020-05-19,Tláhuac,76
1144,2020-05-19,Venustiano Carranza,113
1145,2020-05-19,Xochimilco,100
1146,2020-05-19,Álvaro Obregón,88
1147,2020-05-20,Azcapotzalco,230
1148,2020-05-20,Benito Juárez,69
1149,2020-05-20,Coyoacán,97
1150,2020-05-20,Cuajimalpa de Morelos,162
1151,2020-05-20,Cuauhtémoc,97
1152,2020-05-20,Gustavo A. Madero,224
1153,2020-05-20,Iztacalco,134
1154,2020-05-20,Iztapalapa,256
1155,2020-05-20,La Magdalena Contreras,40
1156,2020-05-20,Miguel Hidalgo,61
1157,2020-05-20,Milpa Alta,66
1159,2020-05-20,Tlalpan,114
1160,2020-05-20,Tláhuac,91
1161,2020-05-20,Venustiano Carranza,104
1162,2020-05-20,Xochimilco,106
1163,2020-05-20,Álvaro Obregón,82
1164,2020-05-21,Azcapotzalco,273
1165,2020-05-21,Benito Juárez,60
1166,2020-05-21,Coyoacán,88
1167,2020-05-21,Cuajimalpa de Morelos,145
1168,2020-05-21,Cuauhtémoc,61
1169,2020-05-21,Gustavo A. Madero,182
1170,2020-05-21,Iztacalco,136
1171,2020-05-21,Iztapalapa,235
1172,2020-05-21,La Magdalena Contreras,63
1173,2020-05-21,Miguel Hidalgo,54
1174,2020-05-21,Milpa Alta,66
1176,2020-05-21,Tlalpan,100
1177,2020-05-21,Tláhuac,100
1178,2020-05-21,Venustiano Carranza,105
1179,2020-05-21,Xochimilco,101
1180,2020-05-21,Álvaro Obregón,88
1181,2020-05-22,Azcapotzalco,230
1182,2020-05-22,Benito Juárez,83
1183,2020-05-22,Coyoacán,104
1184,2020-05-22,Cuajimalpa de Morelos,139
1185,2020-05-22,Cuauhtémoc,102
1186,2020-05-22,Gustavo A. Madero,167
1187,2020-05-22,Iztacalco,151
1188,2020-05-22,Iztapalapa,211
1189,2020-05-22,La Magdalena Contreras,36
1190,2020-05-22,Miguel Hidalgo,55
1191,2020-05-22,Milpa Alta,50
1193,2020-05-22,Tlalpan,123
1194,2020-05-22,Tláhuac,69
1195,2020-05-22,Venustiano Carranza,101
1196,2020-05-22,Xochimilco,135
1197,2020-05-22,Álvaro Obregón,70
1198,2020-05-23,Azcapotzalco,89
1199,2020-05-23,Benito Juárez,53
1200,2020-05-23,Coyoacán,53
1201,2020-05-23,Cuajimalpa de Morelos,72
1202,2020-05-23,Cuauhtémoc,36
1203,2020-05-23,Gustavo A. Madero,88
1204,2020-05-23,Iztacalco,75
1205,2020-05-23,Iztapalapa,121
1206,2020-05-23,La Magdalena Contreras,28
1207,2020-05-23,Miguel Hidalgo,34
1208,2020-05-23,Milpa Alta,38
1210,2020-05-23,Tlalpan,47
1211,2020-05-23,Tláhuac,46
1212,2020-05-23,Venustiano Carranza,53
1213,2020-05-23,Xochimilco,55
1214,2020-05-23,Álvaro Obregón,68
1215,2020-05-24,Azcapotzalco,106
1216,2020-05-24,Benito Juárez,38
1217,2020-05-24,Coyoacán,46
1218,2020-05-24,Cuajimalpa de Morelos,75
1219,2020-05-24,Cuauhtémoc,38
1220,2020-05-24,Gustavo A. Madero,87
1221,2020-05-24,Iztacalco,72
1222,2020-05-24,Iztapalapa,94
1223,2020-05-24,La Magdalena Contreras,9
1224,2020-05-24,Miguel Hidalgo,26
1225,2020-05-24,Milpa Alta,17
1227,2020-05-24,Tlalpan,64
1228,2020-05-24,Tláhuac,20
1229,2020-05-24,Venustiano Carranza,31
1230,2020-05-24,Xochimilco,53
1231,2020-05-24,Álvaro Obregón,42
1232,2020-05-25,Azcapotzalco,204
1233,2020-05-25,Benito Juárez,85
1234,2020-05-25,Coyoacán,121
1235,2020-05-25,Cuajimalpa de Morelos,154
1236,2020-05-25,Cuauhtémoc,106
1237,2020-05-25,Gustavo A. Madero,218
1238,2020-05-25,Iztacalco,133
1239,2020-05-25,Iztapalapa,215
1240,2020-05-25,La Magdalena Contreras,55
1241,2020-05-25,Miguel Hidalgo,72
1242,2020-05-25,Milpa Alta,73
1244,2020-05-25,Tlalpan,147
1245,2020-05-25,Tláhuac,99
1246,2020-05-25,Venustiano Carranza,114
1247,2020-05-25,Xochimilco,127
1248,2020-05-25,Álvaro Obregón,115
1249,2020-05-26,Azcapotzalco,199
1250,2020-05-26,Benito Juárez,80
1251,2020-05-26,Coyoacán,125
1252,2020-05-26,Cuajimalpa de Morelos,180
1253,2020-05-26,Cuauhtémoc,82
1254,2020-05-26,Gustavo A. Madero,190
1255,2020-05-26,Iztacalco,162
1256,2020-05-26,Iztapalapa,217
1257,2020-05-26,La Magdalena Contreras,51
1258,2020-05-26,Miguel Hidalgo,54
1259,2020-05-26,Milpa Alta,68
1261,2020-05-26,Tlalpan,158
1262,2020-05-26,Tláhuac,91
1263,2020-05-26,Venustiano Carranza,112
1264,2020-05-26,Xochimilco,112
1265,2020-05-26,Álvaro Obregón,102
1266,2020-05-27,Azcapotzalco,227
1267,2020-05-27,Benito Juárez,86
1268,2020-05-27,Coyoacán,113
1269,2020-05-27,Cuajimalpa de Morelos,199
1270,2020-05-27,Cuauhtémoc,73
1271,2020-05-27,Gustavo A. Madero,187
1272,2020-05-27,Iztacalco,127
1273,2020-05-27,Iztapalapa,211
1274,2020-05-27,La Magdalena Contreras,59
1275,2020-05-27,Miguel Hidalgo,49
1276,2020-05-27,Milpa Alta,64
1278,2020-05-27,Tlalpan,167
1279,2020-05-27,Tláhuac,113
1280,2020-05-27,Venustiano Carranza,135
1281,2020-05-27,Xochimilco,131
1282,2020-05-27,Álvaro Obregón,87
1283,2020-05-28,Azcapotzalco,195
1284,2020-05-28,Benito Juárez,64
1285,2020-05-28,Coyoacán,104
1286,2020-05-28,Cuajimalpa de Morelos,176
1287,2020-05-28,Cuauhtémoc,101
1288,2020-05-28,Gustavo A. Madero,188
1289,2020-05-28,Iztacalco,130
1290,2020-05-28,Iztapalapa,189
1291,2020-05-28,La Magdalena Contreras,60
1292,2020-05-28,Miguel Hidalgo,46
1293,2020-05-28,Milpa Alta,54
1295,2020-05-28,Tlalpan,142
1296,2020-05-28,Tláhuac,78
1297,2020-05-28,Venustiano Carranza,100
1298,2020-05-28,Xochimilco,102
1299,2020-05-28,Álvaro Obregón,104
1300,2020-05-29,Azcapotzalco,192
1301,2020-05-29,Benito Juárez,77
1302,2020-05-29,Coyoacán,105
1303,2020-05-29,Cuajimalpa de Morelos,143
1304,2020-05-29,Cuauhtémoc,93
1305,2020-05-29,Gustavo A. Madero,186
1306,2020-05-29,Iztacalco,134
1307,2020-05-29,Iztapalapa,212
1308,2020-05-29,La Magdalena Contreras,36
1309,2020-05-29,Miguel Hidalgo,62
1310,2020-05-29,Milpa Alta,59
1312,2020-05-29,Tlalpan,141
1313,2020-05-29,Tláhuac,67
1314,2020-05-29,Venustiano Carranza,122
1315,2020-05-29,Xochimilco,132
1316,2020-05-29,Álvaro Obregón,112
1317,2020-05-30,Azcapotzalco,125
1318,2020-05-30,Benito Juárez,53
1319,2020-05-30,Coyoacán,58
1320,2020-05-30,Cuajimalpa de Morelos,111
1321,2020-05-30,Cuauhtémoc,36
1322,2020-05-30,Gustavo A. Madero,107
1323,2020-05-30,Iztacalco,109
1324,2020-05-30,Iztapalapa,134
1325,2020-05-30,La Magdalena Contreras,28
1326,2020-05-30,Miguel Hidalgo,45
1327,2020-05-30,Milpa Alta,34
1329,2020-05-30,Tlalpan,65
1330,2020-05-30,Tláhuac,79
1331,2020-05-30,Venustiano Carranza,66
1332,2020-05-30,Xochimilco,62
1333,2020-05-30,Álvaro Obregón,67
1334,2020-05-31,Azcapotzalco,97
1335,2020-05-31,Benito Juárez,40
1336,2020-05-31,Coyoacán,32
1337,2020-05-31,Cuajimalpa de Morelos,87
1338,2020-05-31,Cuauhtémoc,46
1339,2020-05-31,Gustavo A. Madero,76
1340,2020-05-31,Iztacalco,64
1341,2020-05-31,Iztapalapa,125
1342,2020-05-31,La Magdalena Contreras,14
1343,2020-05-31,Miguel Hidalgo,19
1344,2020-05-31,Milpa Alta,39
1346,2020-05-31,Tlalpan,51
1347,2020-05-31,Tláhuac,44
1348,2020-05-31,Venustiano Carranza,41
1349,2020-05-31,Xochimilco,54
1350,2020-05-31,Álvaro Obregón,43
1351,2020-06-01,Azcapotzalco,247
1352,2020-06-01,Benito Juárez,94
1353,2020-06-01,Coyoacán,124
1354,2020-06-01,Cuajimalpa de Morelos,172
1355,2020-06-01,Cuauhtémoc,136
1356,2020-06-01,Gustavo A. Madero,238
1357,2020-06-01,Iztacalco,180
1358,2020-06-01,Iztapalapa,263
1359,2020-06-01,La Magdalena Contreras,61
1360,2020-06-01,Miguel Hidalgo,50
1361,2020-06-01,Milpa Alta,101
1363,2020-06-01,Tlalpan,127
1364,2020-06-01,Tláhuac,102
1365,2020-06-01,Venustiano Carranza,114
1366,2020-06-01,Xochimilco,154
1367,2020-06-01,Álvaro Obregón,115
1368,2020-06-02,Azcapotzalco,244
1369,2020-06-02,Benito Juárez,74
1370,2020-06-02,Coyoacán,109
1371,2020-06-02,Cuajimalpa de Morelos,159
1372,2020-06-02,Cuauhtémoc,98
1373,2020-06-02,Gustavo A. Madero,234
1374,2020-06-02,Iztacalco,124
1375,2020-06-02,Iztapalapa,233
1376,2020-06-02,La Magdalena Contreras,48
1377,2020-06-02,Miguel Hidalgo,50
1378,2020-06-02,Milpa Alta,84
1380,2020-06-02,Tlalpan,118
1381,2020-06-02,Tláhuac,87
1382,2020-06-02,Venustiano Carranza,138
1383,2020-06-02,Xochimilco,102
1384,2020-06-02,Álvaro Obregón,114
1385,2020-06-03,Azcapotzalco,220
1386,2020-06-03,Benito Juárez,75
1387,2020-06-03,Coyoacán,101
1388,2020-06-03,Cuajimalpa de Morelos,136
1389,2020-06-03,Cuauhtémoc,90
1390,2020-06-03,Gustavo A. Madero,245
1391,2020-06-03,Iztacalco,167
1392,2020-06-03,Iztapalapa,214
1393,2020-06-03,La Magdalena Contreras,50
1394,2020-06-03,Miguel Hidalgo,71
1395,2020-06-03,Milpa Alta,69
1397,2020-06-03,Tlalpan,143
1398,2020-06-03,Tláhuac,137
1399,2020-06-03,Venustiano Carranza,101
1400,2020-06-03,Xochimilco,110
1401,2020-06-03,Álvaro Obregón,111
1402,2020-06-04,Azcapotzalco,264
1403,2020-06-04,Benito Juárez,82
1404,2020-06-04,Coyoacán,111
1405,2020-06-04,Cuajimalpa de Morelos,147
1406,2020-06-04,Cuauhtémoc,82
1407,2020-06-04,Gustavo A. Madero,208
1408,2020-06-04,Iztacalco,150
1409,2020-06-04,Iztapalapa,226
1410,2020-06-04,La Magdalena Contreras,58
1411,2020-06-04,Miguel Hidalgo,46
1412,2020-06-04,Milpa Alta,54
1414,2020-06-04,Tlalpan,132
1415,2020-06-04,Tláhuac,109
1416,2020-06-04,Venustiano Carranza,122
1417,2020-06-04,Xochimilco,148
1418,2020-06-04,Álvaro Obregón,112
1419,2020-06-05,Azcapotzalco,238
1420,2020-06-05,Benito Juárez,90
1421,2020-06-05,Coyoacán,135
1422,2020-06-05,Cuajimalpa de Morelos,168
1423,2020-06-05,Cuauhtémoc,93
1424,2020-06-05,Gustavo A. Madero,208
1425,2020-06-05,Iztacalco,151
1426,2020-06-05,Iztapalapa,234
1427,2020-06-05,La Magdalena Contreras,41
1428,2020-06-05,Miguel Hidalgo,62
1429,2020-06-05,Milpa Alta,80
1431,2020-06-05,Tlalpan,165
1432,2020-06-05,Tláhuac,151
1433,2020-06-05,Venustiano Carranza,132
1434,2020-06-05,Xochimilco,132
1435,2020-06-05,Álvaro Obregón,85
1436,2020-06-06,Azcapotzalco,136
1437,2020-06-06,Benito Juárez,43
1438,2020-06-06,Coyoacán,91
1439,2020-06-06,Cuajimalpa de Morelos,115
1440,2020-06-06,Cuauhtémoc,41
1441,2020-06-06,Gustavo A. Madero,88
1442,2020-06-06,Iztacalco,119
1443,2020-06-06,Iztapalapa,124
1444,2020-06-06,La Magdalena Contreras,28
1445,2020-06-06,Miguel Hidalgo,35
1446,2020-06-06,Milpa Alta,33
1448,2020-06-06,Tlalpan,84
1449,2020-06-06,Tláhuac,85
1450,2020-06-06,Venustiano Carranza,63
1451,2020-06-06,Xochimilco,101
1452,2020-06-06,Álvaro Obregón,79
1453,2020-06-07,Azcapotzalco,102
1454,2020-06-07,Benito Juárez,51
1455,2020-06-07,Coyoacán,38
1456,2020-06-07,Cuajimalpa de Morelos,120
1457,2020-06-07,Cuauhtémoc,33
1458,2020-06-07,Gustavo A. Madero,86
1459,2020-06-07,Iztacalco,72
1460,2020-06-07,Iztapalapa,107
1461,2020-06-07,La Magdalena Contreras,18
1462,2020-06-07,Miguel Hidalgo,34
1463,2020-06-07,Milpa Alta,53
1465,2020-06-07,Tlalpan,59
1466,2020-06-07,Tláhuac,40
1467,2020-06-07,Venustiano Carranza,54
1468,2020-06-07,Xochimilco,62
1469,2020-06-07,Álvaro Obregón,56
1470,2020-06-08,Azcapotzalco,279
1471,2020-06-08,Benito Juárez,99
1472,2020-06-08,Coyoacán,155
1473,2020-06-08,Cuajimalpa de Morelos,209
1474,2020-06-08,Cuauhtémoc,117
1475,2020-06-08,Gustavo A. Madero,219
1476,2020-06-08,Iztacalco,191
1477,2020-06-08,Iztapalapa,245
1478,2020-06-08,La Magdalena Contreras,67
1479,2020-06-08,Miguel Hidalgo,58
1480,2020-06-08,Milpa Alta,110
1482,2020-06-08,Tlalpan,193
1483,2020-06-08,Tláhuac,105
1484,2020-06-08,Venustiano Carranza,134
1485,2020-06-08,Xochimilco,159
1486,2020-06-08,Álvaro Obregón,119
1487,2020-06-09,Azcapotzalco,272
1488,2020-06-09,Benito Juárez,77
1489,2020-06-09,Coyoacán,134
1490,2020-06-09,Cuajimalpa de Morelos,218
1491,2020-06-09,Cuauhtémoc,143
1492,2020-06-09,Gustavo A. Madero,245
1493,2020-06-09,Iztacalco,168
1494,2020-06-09,Iztapalapa,216
1495,2020-06-09,La Magdalena Contreras,58
1496,2020-06-09,Miguel Hidalgo,74
1497,2020-06-09,Milpa Alta,98
1499,2020-06-09,Tlalpan,162
1500,2020-06-09,Tláhuac,125
1501,2020-06-09,Venustiano Carranza,172
1502,2020-06-09,Xochimilco,148
1503,2020-06-09,Álvaro Obregón,140
1504,2020-06-10,Azcapotzalco,299
1505,2020-06-10,Benito Juárez,90
1506,2020-06-10,Coyoacán,162
1507,2020-06-10,Cuajimalpa de Morelos,241
1508,2020-06-10,Cuauhtémoc,101
1509,2020-06-10,Gustavo A. Madero,221
1510,2020-06-10,Iztacalco,161
1511,2020-06-10,Iztapalapa,235
1512,2020-06-10,La Magdalena Contreras,58
1513,2020-06-10,Miguel Hidalgo,81
1514,2020-06-10,Milpa Alta,97
1516,2020-06-10,Tlalpan,169
1517,2020-06-10,Tláhuac,122
1518,2020-06-10,Venustiano Carranza,160
1519,2020-06-10,Xochimilco,143
1520,2020-06-10,Álvaro Obregón,119
1521,2020-06-11,Azcapotzalco,265
1522,2020-06-11,Benito Juárez,83
1523,2020-06-11,Coyoacán,135
1524,2020-06-11,Cuajimalpa de Morelos,205
1525,2020-06-11,Cuauhtémoc,79
1526,2020-06-11,Gustavo A. Madero,253
1527,2020-06-11,Iztacalco,174
1528,2020-06-11,Iztapalapa,209
1529,2020-06-11,La Magdalena Contreras,56
1530,2020-06-11,Miguel Hidalgo,61
1531,2020-06-11,Milpa Alta,86
1533,2020-06-11,Tlalpan,170
1534,2020-06-11,Tláhuac,117
1535,2020-06-11,Venustiano Carranza,152
1536,2020-06-11,Xochimilco,112
1537,2020-06-11,Álvaro Obregón,121
1538,2020-06-12,Azcapotzalco,222
1539,2020-06-12,Benito Juárez,105
1540,2020-06-12,Coyoacán,127
1541,2020-06-12,Cuajimalpa de Morelos,240
1542,2020-06-12,Cuauhtémoc,111
1543,2020-06-12,Gustavo A. Madero,253
1544,2020-06-12,Iztacalco,195
1545,2020-06-12,Iztapalapa,244
1546,2020-06-12,La Magdalena Contreras,69
1547,2020-06-12,Miguel Hidalgo,55
1548,2020-06-12,Milpa Alta,93
1550,2020-06-12,Tlalpan,158
1551,2020-06-12,Tláhuac,171
1552,2020-06-12,Venustiano Carranza,159
1553,2020-06-12,Xochimilco,149
1554,2020-06-12,Álvaro Obregón,146
1555,2020-06-13,Azcapotzalco,128
1556,2020-06-13,Benito Juárez,45
1557,2020-06-13,Coyoacán,60
1558,2020-06-13,Cuajimalpa de Morelos,136
1559,2020-06-13,Cuauhtémoc,32
1560,2020-06-13,Gustavo A. Madero,90
1561,2020-06-13,Iztacalco,101
1562,2020-06-13,Iztapalapa,116
1563,2020-06-13,La Magdalena Contreras,23
1564,2020-06-13,Miguel Hidalgo,37
1565,2020-06-13,Milpa Alta,51
1567,2020-06-13,Tlalpan,78
1568,2020-06-13,Tláhuac,46
1569,2020-06-13,Venustiano Carranza,71
1570,2020-06-13,Xochimilco,81
1571,2020-06-13,Álvaro Obregón,72
1572,2020-06-14,Azcapotzalco,124
1573,2020-06-14,Benito Juárez,43
1574,2020-06-14,Coyoacán,47
1575,2020-06-14,Cuajimalpa de Morelos,107
1576,2020-06-14,Cuauhtémoc,38
1577,2020-06-14,Gustavo A. Madero,77
1578,2020-06-14,Iztacalco,64
1579,2020-06-14,Iztapalapa,95
1580,2020-06-14,La Magdalena Contreras,40
1581,2020-06-14,Miguel Hidalgo,32
1582,2020-06-14,Milpa Alta,62
1584,2020-06-14,Tlalpan,43
1585,2020-06-14,Tláhuac,60
1586,2020-06-14,Venustiano Carranza,62
1587,2020-06-14,Xochimilco,63
1588,2020-06-14,Álvaro Obregón,47
1589,2020-06-15,Azcapotzalco,285
1590,2020-06-15,Benito Juárez,123
1591,2020-06-15,Coyoacán,196
1592,2020-06-15,Cuajimalpa de Morelos,265
1593,2020-06-15,Cuauhtémoc,101
1594,2020-06-15,Gustavo A. Madero,250
1595,2020-06-15,Iztacalco,192
1596,2020-06-15,Iztapalapa,238
1597,2020-06-15,La Magdalena Contreras,91
1598,2020-06-15,Miguel Hidalgo,87
1599,2020-06-15,Milpa Alta,75
1601,2020-06-15,Tlalpan,154
1602,2020-06-15,Tláhuac,131
1603,2020-06-15,Venustiano Carranza,143
1604,2020-06-15,Xochimilco,121
1605,2020-06-15,Álvaro Obregón,138
1606,2020-06-16,Azcapotzalco,301
1607,2020-06-16,Benito Juárez,105
1608,2020-06-16,Coyoacán,144
1609,2020-06-16,Cuajimalpa de Morelos,227
1610,2020-06-16,Cuauhtémoc,104
1611,2020-06-16,Gustavo A. Madero,232
1612,2020-06-16,Iztacalco,181
1613,2020-06-16,Iztapalapa,317
1614,2020-06-16,La Magdalena Contreras,68
1615,2020-06-16,Miguel Hidalgo,77
1616,2020-06-16,Milpa Alta,104
1618,2020-06-16,Tlalpan,170
1619,2020-06-16,Tláhuac,147
1620,2020-06-16,Venustiano Carranza,176
1621,2020-06-16,Xochimilco,119
1622,2020-06-16,Álvaro Obregón,149
1623,2020-06-17,Azcapotzalco,307
1624,2020-06-17,Benito Juárez,97
1625,2020-06-17,Coyoacán,145
1626,2020-06-17,Cuajimalpa de Morelos,252
1627,2020-06-17,Cuauhtémoc,99
1628,2020-06-17,Gustavo A. Madero,197
1629,2020-06-17,Iztacalco,207
1630,2020-06-17,Iztapalapa,241
1631,2020-06-17,La Magdalena Contreras,70
1632,2020-06-17,Miguel Hidalgo,65
1633,2020-06-17,Milpa Alta,104
1635,2020-06-17,Tlalpan,187
1636,2020-06-17,Tláhuac,115
1637,2020-06-17,Venustiano Carranza,106
1638,2020-06-17,Xochimilco,142
1639,2020-06-17,Álvaro Obregón,124
1640,2020-06-18,Azcapotzalco,308
1641,2020-06-18,Benito Juárez,137
1642,2020-06-18,Coyoacán,185
1643,2020-06-18,Cuajimalpa de Morelos,222
1644,2020-06-18,Cuauhtémoc,108
1645,2020-06-18,Gustavo A. Madero,189
1646,2020-06-18,Iztacalco,177
1647,2020-06-18,Iztapalapa,295
1648,2020-06-18,La Magdalena Contreras,59
1649,2020-06-18,Miguel Hidalgo,75
1650,2020-06-18,Milpa Alta,98
1652,2020-06-18,Tlalpan,175
1653,2020-06-18,Tláhuac,163
1654,2020-06-18,Venustiano Carranza,173
1655,2020-06-18,Xochimilco,118
1656,2020-06-18,Álvaro Obregón,125
1657,2020-06-19,Azcapotzalco,304
1658,2020-06-19,Benito Juárez,86
1659,2020-06-19,Coyoacán,157
1660,2020-06-19,Cuajimalpa de Morelos,275
1661,2020-06-19,Cuauhtémoc,77
1662,2020-06-19,Gustavo A. Madero,186
1663,2020-06-19,Iztacalco,191
1664,2020-06-19,Iztapalapa,265
1665,2020-06-19,La Magdalena Contreras,95
1666,2020-06-19,Miguel Hidalgo,65
1667,2020-06-19,Milpa Alta,123
1669,2020-06-19,Tlalpan,215
1670,2020-06-19,Tláhuac,143
1671,2020-06-19,Venustiano Carranza,173
1672,2020-06-19,Xochimilco,110
1673,2020-06-19,Álvaro Obregón,117
1674,2020-06-20,Azcapotzalco,189
1675,2020-06-20,Benito Juárez,44
1676,2020-06-20,Coyoacán,86
1677,2020-06-20,Cuajimalpa de Morelos,162
1678,2020-06-20,Cuauhtémoc,49
1679,2020-06-20,Gustavo A. Madero,87
1680,2020-06-20,Iztacalco,148
1681,2020-06-20,Iztapalapa,115
1682,2020-06-20,La Magdalena Contreras,40
1683,2020-06-20,Miguel Hidalgo,47
1684,2020-06-20,Milpa Alta,70
1686,2020-06-20,Tlalpan,71
1687,2020-06-20,Tláhuac,98
1688,2020-06-20,Venustiano Carranza,103
1689,2020-06-20,Xochimilco,118
1690,2020-06-20,Álvaro Obregón,70
1691,2020-06-21,Azcapotzalco,105
1692,2020-06-21,Benito Juárez,45
1693,2020-06-21,Coyoacán,50
1694,2020-06-21,Cuajimalpa de Morelos,151
1695,2020-06-21,Cuauhtémoc,35
1696,2020-06-21,Gustavo A. Madero,85
1697,2020-06-21,Iztacalco,100
1698,2020-06-21,Iztapalapa,87
1699,2020-06-21,La Magdalena Contreras,31
1700,2020-06-21,Miguel Hidalgo,29
1701,2020-06-21,Milpa Alta,48
1703,2020-06-21,Tlalpan,84
1704,2020-06-21,Tláhuac,93
1705,2020-06-21,Venustiano Carranza,65
1706,2020-06-21,Xochimilco,85
1707,2020-06-21,Álvaro Obregón,56
1708,2020-06-22,Azcapotzalco,385
1709,2020-06-22,Benito Juárez,151
1710,2020-06-22,Coyoacán,225
1711,2020-06-22,Cuajimalpa de Morelos,416
1712,2020-06-22,Cuauhtémoc,153
1713,2020-06-22,Gustavo A. Madero,259
1714,2020-06-22,Iztacalco,289
1715,2020-06-22,Iztapalapa,409
1716,2020-06-22,La Magdalena Contreras,136
1717,2020-06-22,Miguel Hidalgo,91
1718,2020-06-22,Milpa Alta,146
1720,2020-06-22,Tlalpan,221
1721,2020-06-22,Tláhuac,231
1722,2020-06-22,Venustiano Carranza,291
1723,2020-06-22,Xochimilco,223
1724,2020-06-22,Álvaro Obregón,195
1725,2020-06-23,Azcapotzalco,430
1726,2020-06-23,Benito Juárez,174
1727,2020-06-23,Coyoacán,241
1728,2020-06-23,Cuajimalpa de Morelos,400
1729,2020-06-23,Cuauhtémoc,160
1730,2020-06-23,Gustavo A. Madero,403
1731,2020-06-23,Iztacalco,296
1732,2020-06-23,Iztapalapa,584
1733,2020-06-23,La Magdalena Contreras,193
1734,2020-06-23,Miguel Hidalgo,82
1735,2020-06-23,Milpa Alta,179
1737,2020-06-23,Tlalpan,273
1738,2020-06-23,Tláhuac,211
1739,2020-06-23,Venustiano Carranza,356
1740,2020-06-23,Xochimilco,233
1741,2020-06-23,Álvaro Obregón,270
1742,2020-06-24,Azcapotzalco,173
1743,2020-06-24,Benito Juárez,52
1744,2020-06-24,Coyoacán,129
1745,2020-06-24,Cuajimalpa de Morelos,124
1746,2020-06-24,Cuauhtémoc,80
1747,2020-06-24,Gustavo A. Madero,212
1748,2020-06-24,Iztacalco,149
1749,2020-06-24,Iztapalapa,276
1750,2020-06-24,La Magdalena Contreras,87
1751,2020-06-24,Miguel Hidalgo,51
1752,2020-06-24,Milpa Alta,75
1754,2020-06-24,Tlalpan,147
1755,2020-06-24,Tláhuac,111
1756,2020-06-24,Venustiano Carranza,121
1757,2020-06-24,Xochimilco,146
1758,2020-06-24,Álvaro Obregón,125
