,FECHA,MUNICIPIO RESIDENCIA,ACUMULADO,CASOS
0,2020-01-13,Álvaro Obregón,0.0,0.0
1,2020-01-13,Miguel Hidalgo,0.0,0.0
2,2020-01-13,Gustavo A. Madero,0.0,0.0
3,2020-01-13,Xochimilco,0.0,0.0
4,2020-01-13,Azcapotzalco,0.0,0.0
5,2020-01-13,Venustiano Carranza,0.0,0.0
6,2020-01-13,La Magdalena Contreras,0.0,0.0
7,2020-01-13,Milpa Alta,0.0,0.0
8,2020-01-13,Iztacalco,0.0,0.0
9,2020-01-13,Cuajimalpa de Morelos,0.0,0.0
10,2020-01-13,Coyoacán,0.0,0.0
11,2020-01-13,Benito Juárez,0.0,0.0
12,2020-01-13,Iztapalapa,0.0,0.0
13,2020-01-13,Tlalpan,0.0,0.0
14,2020-01-13,Cuauhtémoc,0.0,0.0
15,2020-01-13,Tláhuac,0.0,0.0
16,2020-01-14,Álvaro Obregón,0.0,0.0
17,2020-01-14,Tlalpan,0.0,0.0
18,2020-01-14,Iztapalapa,0.0,0.0
19,2020-01-14,Benito Juárez,0.0,0.0
20,2020-01-14,Coyoacán,0.0,0.0
21,2020-01-14,Cuajimalpa de Morelos,0.0,0.0
22,2020-01-14,Iztacalco,0.0,0.0
23,2020-01-14,Milpa Alta,0.0,0.0
24,2020-01-14,Miguel Hidalgo,0.0,0.0
25,2020-01-14,La Magdalena Contreras,0.0,0.0
26,2020-01-14,Venustiano Carranza,0.0,0.0
27,2020-01-14,Azcapotzalco,0.0,0.0
28,2020-01-14,Xochimilco,0.0,0.0
29,2020-01-14,Gustavo A. Madero,0.0,0.0
30,2020-01-14,Tláhuac,0.0,0.0
31,2020-01-14,Cuauhtémoc,0.0,0.0
32,2020-01-28,Venustiano Carranza,0.0,0.0
33,2020-01-28,Cuauhtémoc,0.0,0.0
34,2020-01-28,Miguel Hidalgo,0.0,0.0
35,2020-01-28,Gustavo A. Madero,0.0,0.0
36,2020-01-28,Xochimilco,0.0,0.0
37,2020-01-28,Azcapotzalco,0.0,0.0
38,2020-01-28,La Magdalena Contreras,0.0,0.0
39,2020-01-28,Milpa Alta,0.0,0.0
40,2020-01-28,Iztacalco,0.0,0.0
41,2020-01-28,Cuajimalpa de Morelos,0.0,0.0
42,2020-01-28,Coyoacán,0.0,0.0
43,2020-01-28,Benito Juárez,0.0,0.0
44,2020-01-28,Iztapalapa,0.0,0.0
45,2020-01-28,Tlalpan,0.0,0.0
46,2020-01-28,Álvaro Obregón,0.0,0.0
47,2020-01-28,Tláhuac,0.0,0.0
48,2020-01-29,Cuauhtémoc,0.0,0.0
49,2020-01-29,Tláhuac,0.0,0.0
50,2020-01-29,Álvaro Obregón,0.0,0.0
51,2020-01-29,Iztapalapa,0.0,0.0
52,2020-01-29,Benito Juárez,0.0,0.0
53,2020-01-29,Coyoacán,0.0,0.0
54,2020-01-29,Cuajimalpa de Morelos,0.0,0.0
55,2020-01-29,Iztacalco,1.0,1.0
56,2020-01-29,Milpa Alta,0.0,0.0
57,2020-01-29,Tlalpan,0.0,0.0
58,2020-01-29,Venustiano Carranza,0.0,0.0
59,2020-01-29,Azcapotzalco,0.0,0.0
60,2020-01-29,Xochimilco,0.0,0.0
61,2020-01-29,Gustavo A. Madero,0.0,0.0
62,2020-01-29,Miguel Hidalgo,0.0,0.0
63,2020-01-29,La Magdalena Contreras,0.0,0.0
64,2020-02-05,Iztapalapa,0.0,0.0
65,2020-02-05,Benito Juárez,0.0,0.0
66,2020-02-05,Coyoacán,0.0,0.0
67,2020-02-05,Cuajimalpa de Morelos,0.0,0.0
68,2020-02-05,Iztacalco,1.0,0.0
69,2020-02-05,Milpa Alta,0.0,0.0
70,2020-02-05,Azcapotzalco,0.0,0.0
71,2020-02-05,Venustiano Carranza,0.0,0.0
72,2020-02-05,Xochimilco,0.0,0.0
73,2020-02-05,Gustavo A. Madero,0.0,0.0
74,2020-02-05,Miguel Hidalgo,0.0,0.0
75,2020-02-05,Álvaro Obregón,0.0,0.0
76,2020-02-05,Tláhuac,0.0,0.0
77,2020-02-05,La Magdalena Contreras,0.0,0.0
78,2020-02-05,Cuauhtémoc,0.0,0.0
79,2020-02-05,Tlalpan,0.0,0.0
80,2020-02-12,Álvaro Obregón,0.0,0.0
81,2020-02-12,Tláhuac,0.0,0.0
82,2020-02-12,Tlalpan,0.0,0.0
83,2020-02-12,Iztapalapa,0.0,0.0
84,2020-02-12,Benito Juárez,0.0,0.0
85,2020-02-12,Coyoacán,0.0,0.0
86,2020-02-12,Iztacalco,1.0,0.0
87,2020-02-12,Milpa Alta,0.0,0.0
88,2020-02-12,Cuajimalpa de Morelos,1.0,1.0
89,2020-02-12,Venustiano Carranza,0.0,0.0
90,2020-02-12,Azcapotzalco,0.0,0.0
91,2020-02-12,Xochimilco,0.0,0.0
92,2020-02-12,Gustavo A. Madero,0.0,0.0
93,2020-02-12,Miguel Hidalgo,0.0,0.0
94,2020-02-12,Cuauhtémoc,0.0,0.0
95,2020-02-12,La Magdalena Contreras,0.0,0.0
96,2020-02-27,La Magdalena Contreras,0.0,0.0
97,2020-02-27,Coyoacán,0.0,0.0
98,2020-02-27,Cuajimalpa de Morelos,1.0,0.0
99,2020-02-27,Iztacalco,1.0,0.0
100,2020-02-27,Milpa Alta,0.0,0.0
101,2020-02-27,Venustiano Carranza,0.0,0.0
102,2020-02-27,Álvaro Obregón,0.0,0.0
103,2020-02-27,Xochimilco,0.0,0.0
104,2020-02-27,Gustavo A. Madero,1.0,1.0
105,2020-02-27,Miguel Hidalgo,1.0,1.0
106,2020-02-27,Cuauhtémoc,0.0,0.0
107,2020-02-27,Tláhuac,0.0,0.0
108,2020-02-27,Benito Juárez,0.0,0.0
109,2020-02-27,Azcapotzalco,0.0,0.0
110,2020-02-27,Iztapalapa,1.0,1.0
111,2020-02-27,Tlalpan,0.0,0.0
112,2020-02-28,Álvaro Obregón,0.0,0.0
113,2020-02-28,Cuauhtémoc,0.0,0.0
114,2020-02-28,Miguel Hidalgo,1.0,0.0
115,2020-02-28,Gustavo A. Madero,1.0,0.0
116,2020-02-28,Xochimilco,0.0,0.0
117,2020-02-28,Azcapotzalco,0.0,0.0
118,2020-02-28,Venustiano Carranza,0.0,0.0
119,2020-02-28,La Magdalena Contreras,0.0,0.0
120,2020-02-28,Milpa Alta,0.0,0.0
121,2020-02-28,Iztacalco,1.0,0.0
122,2020-02-28,Cuajimalpa de Morelos,1.0,0.0
123,2020-02-28,Coyoacán,0.0,0.0
124,2020-02-28,Benito Juárez,0.0,0.0
125,2020-02-28,Iztapalapa,1.0,0.0
126,2020-02-28,Tlalpan,0.0,0.0
127,2020-02-28,Tláhuac,0.0,0.0
128,2020-02-29,Iztapalapa,1.0,0.0
129,2020-02-29,Benito Juárez,0.0,0.0
130,2020-02-29,Coyoacán,0.0,0.0
131,2020-02-29,Cuajimalpa de Morelos,1.0,0.0
132,2020-02-29,Iztacalco,1.0,0.0
133,2020-02-29,Milpa Alta,0.0,0.0
134,2020-02-29,La Magdalena Contreras,0.0,0.0
135,2020-02-29,Venustiano Carranza,0.0,0.0
136,2020-02-29,Azcapotzalco,0.0,0.0
137,2020-02-29,Xochimilco,0.0,0.0
138,2020-02-29,Gustavo A. Madero,1.0,0.0
139,2020-02-29,Miguel Hidalgo,1.0,0.0
140,2020-02-29,Cuauhtémoc,0.0,0.0
141,2020-02-29,Tláhuac,0.0,0.0
142,2020-02-29,Álvaro Obregón,0.0,0.0
143,2020-02-29,Tlalpan,0.0,0.0
144,2020-03-02,Gustavo A. Madero,1.0,0.0
145,2020-03-02,Xochimilco,0.0,0.0
146,2020-03-02,Azcapotzalco,0.0,0.0
147,2020-03-02,Venustiano Carranza,0.0,0.0
148,2020-03-02,La Magdalena Contreras,0.0,0.0
149,2020-03-02,Milpa Alta,0.0,0.0
150,2020-03-02,Iztacalco,1.0,0.0
151,2020-03-02,Tláhuac,0.0,0.0
152,2020-03-02,Cuajimalpa de Morelos,1.0,0.0
153,2020-03-02,Coyoacán,1.0,1.0
154,2020-03-02,Benito Juárez,0.0,0.0
155,2020-03-02,Iztapalapa,1.0,0.0
156,2020-03-02,Tlalpan,0.0,0.0
157,2020-03-02,Álvaro Obregón,0.0,0.0
158,2020-03-02,Miguel Hidalgo,1.0,0.0
159,2020-03-02,Cuauhtémoc,0.0,0.0
160,2020-03-04,Tláhuac,0.0,0.0
161,2020-03-04,Álvaro Obregón,0.0,0.0
162,2020-03-04,Iztapalapa,1.0,0.0
163,2020-03-04,Benito Juárez,0.0,0.0
164,2020-03-04,Coyoacán,1.0,0.0
165,2020-03-04,Cuajimalpa de Morelos,1.0,0.0
166,2020-03-04,Iztacalco,1.0,0.0
167,2020-03-04,Venustiano Carranza,0.0,0.0
168,2020-03-04,Azcapotzalco,0.0,0.0
169,2020-03-04,Xochimilco,0.0,0.0
170,2020-03-04,Gustavo A. Madero,1.0,0.0
171,2020-03-04,Miguel Hidalgo,1.0,0.0
172,2020-03-04,Cuauhtémoc,0.0,0.0
173,2020-03-04,Tlalpan,0.0,0.0
174,2020-03-04,Milpa Alta,0.0,0.0
175,2020-03-04,La Magdalena Contreras,0.0,0.0
176,2020-03-05,Cuauhtémoc,0.0,0.0
177,2020-03-05,Iztapalapa,1.0,0.0
178,2020-03-05,Benito Juárez,0.0,0.0
179,2020-03-05,Coyoacán,1.0,0.0
180,2020-03-05,Cuajimalpa de Morelos,1.0,0.0
181,2020-03-05,Iztacalco,1.0,0.0
182,2020-03-05,Milpa Alta,0.0,0.0
183,2020-03-05,La Magdalena Contreras,0.0,0.0
184,2020-03-05,Venustiano Carranza,0.0,0.0
185,2020-03-05,Azcapotzalco,0.0,0.0
186,2020-03-05,Xochimilco,0.0,0.0
187,2020-03-05,Gustavo A. Madero,1.0,0.0
188,2020-03-05,Miguel Hidalgo,1.0,0.0
189,2020-03-05,Tlalpan,0.0,0.0
190,2020-03-05,Tláhuac,0.0,0.0
191,2020-03-05,Álvaro Obregón,1.0,1.0
192,2020-03-07,Tlalpan,0.0,0.0
193,2020-03-07,Miguel Hidalgo,2.0,1.0
194,2020-03-07,Gustavo A. Madero,1.0,0.0
195,2020-03-07,Xochimilco,0.0,0.0
196,2020-03-07,Azcapotzalco,0.0,0.0
197,2020-03-07,Venustiano Carranza,0.0,0.0
198,2020-03-07,La Magdalena Contreras,0.0,0.0
199,2020-03-07,Milpa Alta,0.0,0.0
200,2020-03-07,Iztacalco,1.0,0.0
201,2020-03-07,Cuajimalpa de Morelos,1.0,0.0
202,2020-03-07,Coyoacán,1.0,0.0
203,2020-03-07,Benito Juárez,0.0,0.0
204,2020-03-07,Iztapalapa,1.0,0.0
205,2020-03-07,Cuauhtémoc,0.0,0.0
206,2020-03-07,Álvaro Obregón,1.0,0.0
207,2020-03-07,Tláhuac,0.0,0.0
208,2020-03-08,Coyoacán,2.0,1.0
209,2020-03-08,Álvaro Obregón,1.0,0.0
210,2020-03-08,Tlalpan,0.0,0.0
211,2020-03-08,Iztapalapa,1.0,0.0
212,2020-03-08,Benito Juárez,0.0,0.0
213,2020-03-08,Cuajimalpa de Morelos,1.0,0.0
214,2020-03-08,Iztacalco,1.0,0.0
215,2020-03-08,Milpa Alta,0.0,0.0
216,2020-03-08,Venustiano Carranza,0.0,0.0
217,2020-03-08,Azcapotzalco,0.0,0.0
218,2020-03-08,Xochimilco,0.0,0.0
219,2020-03-08,Gustavo A. Madero,1.0,0.0
220,2020-03-08,Miguel Hidalgo,3.0,1.0
221,2020-03-08,Cuauhtémoc,0.0,0.0
222,2020-03-08,Tláhuac,0.0,0.0
223,2020-03-08,La Magdalena Contreras,0.0,0.0
224,2020-03-09,Azcapotzalco,0.0,0.0
225,2020-03-09,Venustiano Carranza,0.0,0.0
226,2020-03-09,Xochimilco,0.0,0.0
227,2020-03-09,Miguel Hidalgo,3.0,0.0
228,2020-03-09,Cuauhtémoc,0.0,0.0
229,2020-03-09,La Magdalena Contreras,0.0,0.0
230,2020-03-09,Gustavo A. Madero,1.0,0.0
231,2020-03-09,Milpa Alta,0.0,0.0
232,2020-03-09,Tláhuac,0.0,0.0
233,2020-03-09,Cuajimalpa de Morelos,1.0,0.0
234,2020-03-09,Coyoacán,2.0,0.0
235,2020-03-09,Benito Juárez,0.0,0.0
236,2020-03-09,Iztapalapa,1.0,0.0
237,2020-03-09,Tlalpan,0.0,0.0
238,2020-03-09,Álvaro Obregón,1.0,0.0
239,2020-03-09,Iztacalco,1.0,0.0
240,2020-03-10,Azcapotzalco,0.0,0.0
241,2020-03-10,Venustiano Carranza,0.0,0.0
242,2020-03-10,La Magdalena Contreras,0.0,0.0
243,2020-03-10,Milpa Alta,0.0,0.0
244,2020-03-10,Iztacalco,1.0,0.0
245,2020-03-10,Cuajimalpa de Morelos,2.0,1.0
246,2020-03-10,Iztapalapa,1.0,0.0
247,2020-03-10,Benito Juárez,2.0,2.0
248,2020-03-10,Xochimilco,0.0,0.0
249,2020-03-10,Tlalpan,2.0,2.0
250,2020-03-10,Tláhuac,0.0,0.0
251,2020-03-10,Cuauhtémoc,0.0,0.0
252,2020-03-10,Miguel Hidalgo,3.0,0.0
253,2020-03-10,Álvaro Obregón,1.0,0.0
254,2020-03-10,Coyoacán,2.0,0.0
255,2020-03-10,Gustavo A. Madero,1.0,0.0
256,2020-03-11,Venustiano Carranza,0.0,0.0
257,2020-03-11,Gustavo A. Madero,2.0,1.0
258,2020-03-11,Xochimilco,0.0,0.0
259,2020-03-11,Azcapotzalco,1.0,1.0
260,2020-03-11,La Magdalena Contreras,2.0,2.0
261,2020-03-11,Milpa Alta,0.0,0.0
262,2020-03-11,Iztacalco,1.0,0.0
263,2020-03-11,Cuajimalpa de Morelos,4.0,2.0
264,2020-03-11,Coyoacán,2.0,0.0
265,2020-03-11,Benito Juárez,5.0,3.0
266,2020-03-11,Iztapalapa,2.0,1.0
267,2020-03-11,Tlalpan,3.0,1.0
268,2020-03-11,Miguel Hidalgo,7.0,4.0
269,2020-03-11,Tláhuac,0.0,0.0
270,2020-03-11,Cuauhtémoc,1.0,1.0
271,2020-03-11,Álvaro Obregón,2.0,1.0
272,2020-03-12,Venustiano Carranza,0.0,0.0
273,2020-03-12,Iztapalapa,2.0,0.0
274,2020-03-12,Tlalpan,4.0,1.0
275,2020-03-12,Coyoacán,4.0,2.0
276,2020-03-12,Cuajimalpa de Morelos,9.0,5.0
277,2020-03-12,Iztacalco,2.0,1.0
278,2020-03-12,Milpa Alta,0.0,0.0
279,2020-03-12,La Magdalena Contreras,2.0,0.0
280,2020-03-12,Azcapotzalco,1.0,0.0
281,2020-03-12,Benito Juárez,5.0,0.0
282,2020-03-12,Gustavo A. Madero,3.0,1.0
283,2020-03-12,Xochimilco,0.0,0.0
284,2020-03-12,Tláhuac,0.0,0.0
285,2020-03-12,Álvaro Obregón,3.0,1.0
286,2020-03-12,Miguel Hidalgo,16.0,9.0
287,2020-03-12,Cuauhtémoc,1.0,0.0
288,2020-03-13,Iztapalapa,2.0,0.0
289,2020-03-13,Benito Juárez,8.0,3.0
290,2020-03-13,Coyoacán,4.0,0.0
291,2020-03-13,Cuajimalpa de Morelos,12.0,3.0
292,2020-03-13,Iztacalco,2.0,0.0
293,2020-03-13,Milpa Alta,0.0,0.0
294,2020-03-13,La Magdalena Contreras,3.0,1.0
295,2020-03-13,Azcapotzalco,1.0,0.0
296,2020-03-13,Xochimilco,2.0,2.0
297,2020-03-13,Miguel Hidalgo,25.0,9.0
298,2020-03-13,Cuauhtémoc,2.0,1.0
299,2020-03-13,Tláhuac,0.0,0.0
300,2020-03-13,Tlalpan,7.0,3.0
301,2020-03-13,Álvaro Obregón,8.0,5.0
302,2020-03-13,Venustiano Carranza,1.0,1.0
303,2020-03-13,Gustavo A. Madero,4.0,1.0
304,2020-03-14,Tláhuac,0.0,0.0
305,2020-03-14,Tlalpan,9.0,2.0
306,2020-03-14,Xochimilco,2.0,0.0
307,2020-03-14,Azcapotzalco,2.0,1.0
308,2020-03-14,Venustiano Carranza,1.0,0.0
309,2020-03-14,Milpa Alta,0.0,0.0
310,2020-03-14,Iztacalco,3.0,1.0
311,2020-03-14,Gustavo A. Madero,9.0,5.0
312,2020-03-14,La Magdalena Contreras,4.0,1.0
313,2020-03-14,Coyoacán,4.0,0.0
314,2020-03-14,Benito Juárez,10.0,2.0
315,2020-03-14,Iztapalapa,3.0,1.0
316,2020-03-14,Miguel Hidalgo,31.0,6.0
317,2020-03-14,Cuauhtémoc,2.0,0.0
318,2020-03-14,Cuajimalpa de Morelos,19.0,7.0
319,2020-03-14,Álvaro Obregón,12.0,4.0
320,2020-03-15,Azcapotzalco,2.0,0.0
321,2020-03-15,Tláhuac,0.0,0.0
322,2020-03-15,Cuauhtémoc,2.0,0.0
323,2020-03-15,Miguel Hidalgo,36.0,5.0
324,2020-03-15,Gustavo A. Madero,10.0,1.0
325,2020-03-15,Xochimilco,2.0,0.0
326,2020-03-15,Venustiano Carranza,2.0,1.0
327,2020-03-15,La Magdalena Contreras,4.0,0.0
328,2020-03-15,Iztacalco,3.0,0.0
329,2020-03-15,Cuajimalpa de Morelos,21.0,2.0
330,2020-03-15,Coyoacán,5.0,1.0
331,2020-03-15,Benito Juárez,11.0,1.0
332,2020-03-15,Iztapalapa,3.0,0.0
333,2020-03-15,Tlalpan,10.0,1.0
334,2020-03-15,Álvaro Obregón,12.0,0.0
335,2020-03-15,Milpa Alta,0.0,0.0
336,2020-03-16,Iztapalapa,3.0,0.0
337,2020-03-16,Tlalpan,11.0,1.0
338,2020-03-16,Tláhuac,0.0,0.0
339,2020-03-16,Cuauhtémoc,2.0,0.0
340,2020-03-16,Miguel Hidalgo,48.0,12.0
341,2020-03-16,Gustavo A. Madero,13.0,3.0
342,2020-03-16,Xochimilco,3.0,1.0
343,2020-03-16,Álvaro Obregón,20.0,8.0
344,2020-03-16,Venustiano Carranza,3.0,1.0
345,2020-03-16,La Magdalena Contreras,4.0,0.0
346,2020-03-16,Milpa Alta,0.0,0.0
347,2020-03-16,Cuajimalpa de Morelos,24.0,3.0
348,2020-03-16,Coyoacán,6.0,1.0
349,2020-03-16,Benito Juárez,12.0,1.0
350,2020-03-16,Azcapotzalco,4.0,2.0
351,2020-03-16,Iztacalco,3.0,0.0
352,2020-03-17,Miguel Hidalgo,56.0,8.0
353,2020-03-17,Cuauhtémoc,5.0,3.0
354,2020-03-17,Tláhuac,1.0,1.0
355,2020-03-17,Gustavo A. Madero,16.0,3.0
356,2020-03-17,Xochimilco,4.0,1.0
357,2020-03-17,Azcapotzalco,5.0,1.0
358,2020-03-17,Venustiano Carranza,3.0,0.0
359,2020-03-17,La Magdalena Contreras,8.0,4.0
360,2020-03-17,Milpa Alta,0.0,0.0
361,2020-03-17,Iztacalco,5.0,2.0
362,2020-03-17,Cuajimalpa de Morelos,38.0,14.0
363,2020-03-17,Coyoacán,7.0,1.0
364,2020-03-17,Benito Juárez,16.0,4.0
365,2020-03-17,Iztapalapa,5.0,2.0
366,2020-03-17,Tlalpan,13.0,2.0
367,2020-03-17,Álvaro Obregón,22.0,2.0
368,2020-03-18,Azcapotzalco,9.0,4.0
369,2020-03-18,Cuauhtémoc,8.0,3.0
370,2020-03-18,Gustavo A. Madero,20.0,4.0
371,2020-03-18,Xochimilco,4.0,0.0
372,2020-03-18,Álvaro Obregón,27.0,5.0
373,2020-03-18,Tlalpan,13.0,0.0
374,2020-03-18,Iztapalapa,8.0,3.0
375,2020-03-18,Benito Juárez,18.0,2.0
376,2020-03-18,Coyoacán,8.0,1.0
377,2020-03-18,Cuajimalpa de Morelos,45.0,7.0
378,2020-03-18,Iztacalco,6.0,1.0
379,2020-03-18,Milpa Alta,0.0,0.0
380,2020-03-18,La Magdalena Contreras,10.0,2.0
381,2020-03-18,Tláhuac,3.0,2.0
382,2020-03-18,Venustiano Carranza,4.0,1.0
383,2020-03-18,Miguel Hidalgo,68.0,12.0
384,2020-03-19,Milpa Alta,1.0,1.0
385,2020-03-19,Cuauhtémoc,9.0,1.0
386,2020-03-19,Tláhuac,4.0,1.0
387,2020-03-19,Miguel Hidalgo,84.0,16.0
388,2020-03-19,Gustavo A. Madero,28.0,8.0
389,2020-03-19,Xochimilco,7.0,3.0
390,2020-03-19,Azcapotzalco,11.0,2.0
391,2020-03-19,Venustiano Carranza,8.0,4.0
392,2020-03-19,La Magdalena Contreras,11.0,1.0
393,2020-03-19,Iztacalco,6.0,0.0
394,2020-03-19,Cuajimalpa de Morelos,54.0,9.0
395,2020-03-19,Coyoacán,11.0,3.0
396,2020-03-19,Iztapalapa,9.0,1.0
397,2020-03-19,Tlalpan,18.0,5.0
398,2020-03-19,Álvaro Obregón,31.0,4.0
399,2020-03-19,Benito Juárez,20.0,2.0
400,2020-03-20,Miguel Hidalgo,87.0,3.0
401,2020-03-20,Álvaro Obregón,36.0,5.0
402,2020-03-20,Tlalpan,19.0,1.0
403,2020-03-20,Tláhuac,5.0,1.0
404,2020-03-20,Iztapalapa,11.0,2.0
405,2020-03-20,Benito Juárez,21.0,1.0
406,2020-03-20,Cuauhtémoc,10.0,1.0
407,2020-03-20,Cuajimalpa de Morelos,64.0,10.0
408,2020-03-20,Iztacalco,8.0,2.0
409,2020-03-20,Coyoacán,13.0,2.0
410,2020-03-20,La Magdalena Contreras,13.0,2.0
411,2020-03-20,Venustiano Carranza,9.0,1.0
412,2020-03-20,Azcapotzalco,13.0,2.0
413,2020-03-20,Xochimilco,8.0,1.0
414,2020-03-20,Gustavo A. Madero,31.0,3.0
415,2020-03-20,Milpa Alta,1.0,0.0
416,2020-03-21,Xochimilco,11.0,3.0
417,2020-03-21,Iztacalco,8.0,0.0
418,2020-03-21,Azcapotzalco,15.0,2.0
419,2020-03-21,Venustiano Carranza,10.0,1.0
420,2020-03-21,La Magdalena Contreras,14.0,1.0
421,2020-03-21,Milpa Alta,1.0,0.0
422,2020-03-21,Tláhuac,5.0,0.0
423,2020-03-21,Cuauhtémoc,14.0,4.0
424,2020-03-21,Coyoacán,14.0,1.0
425,2020-03-21,Benito Juárez,23.0,2.0
426,2020-03-21,Iztapalapa,13.0,2.0
427,2020-03-21,Tlalpan,19.0,0.0
428,2020-03-21,Álvaro Obregón,38.0,2.0
429,2020-03-21,Gustavo A. Madero,34.0,3.0
430,2020-03-21,Cuajimalpa de Morelos,65.0,1.0
431,2020-03-21,Miguel Hidalgo,88.0,1.0
432,2020-03-22,La Magdalena Contreras,16.0,2.0
433,2020-03-22,Cuauhtémoc,14.0,0.0
434,2020-03-22,Tláhuac,5.0,0.0
435,2020-03-22,Álvaro Obregón,40.0,2.0
436,2020-03-22,Tlalpan,21.0,2.0
437,2020-03-22,Iztapalapa,14.0,1.0
438,2020-03-22,Coyoacán,15.0,1.0
439,2020-03-22,Cuajimalpa de Morelos,65.0,0.0
440,2020-03-22,Benito Juárez,23.0,0.0
441,2020-03-22,Milpa Alta,2.0,1.0
442,2020-03-22,Venustiano Carranza,12.0,2.0
443,2020-03-22,Azcapotzalco,18.0,3.0
444,2020-03-22,Xochimilco,12.0,1.0
445,2020-03-22,Gustavo A. Madero,37.0,3.0
446,2020-03-22,Miguel Hidalgo,89.0,1.0
447,2020-03-22,Iztacalco,10.0,2.0
448,2020-03-23,Iztacalco,12.0,2.0
449,2020-03-23,Iztapalapa,22.0,8.0
450,2020-03-23,Benito Juárez,25.0,2.0
451,2020-03-23,Coyoacán,17.0,2.0
452,2020-03-23,Cuajimalpa de Morelos,69.0,4.0
453,2020-03-23,Milpa Alta,2.0,0.0
454,2020-03-23,Tláhuac,6.0,1.0
455,2020-03-23,Venustiano Carranza,17.0,5.0
456,2020-03-23,Azcapotzalco,28.0,10.0
457,2020-03-23,Xochimilco,17.0,5.0
458,2020-03-23,Gustavo A. Madero,45.0,8.0
459,2020-03-23,Miguel Hidalgo,93.0,4.0
460,2020-03-23,Cuauhtémoc,17.0,3.0
461,2020-03-23,La Magdalena Contreras,20.0,4.0
462,2020-03-23,Álvaro Obregón,41.0,1.0
463,2020-03-23,Tlalpan,24.0,3.0
464,2020-03-24,Azcapotzalco,36.0,8.0
465,2020-03-24,Gustavo A. Madero,53.0,8.0
466,2020-03-24,Venustiano Carranza,19.0,2.0
467,2020-03-24,Tláhuac,6.0,0.0
468,2020-03-24,Xochimilco,20.0,3.0
469,2020-03-24,Álvaro Obregón,43.0,2.0
470,2020-03-24,Tlalpan,27.0,3.0
471,2020-03-24,Iztapalapa,31.0,9.0
472,2020-03-24,Miguel Hidalgo,97.0,4.0
473,2020-03-24,Cuauhtémoc,19.0,2.0
474,2020-03-24,Coyoacán,17.0,0.0
475,2020-03-24,La Magdalena Contreras,30.0,10.0
476,2020-03-24,Cuajimalpa de Morelos,90.0,21.0
477,2020-03-24,Iztacalco,18.0,6.0
478,2020-03-24,Benito Juárez,30.0,5.0
479,2020-03-24,Milpa Alta,2.0,0.0
480,2020-03-25,Álvaro Obregón,46.0,3.0
481,2020-03-25,Tlalpan,31.0,4.0
482,2020-03-25,Iztapalapa,34.0,3.0
483,2020-03-25,Cuajimalpa de Morelos,100.0,10.0
484,2020-03-25,Coyoacán,20.0,3.0
485,2020-03-25,Iztacalco,25.0,7.0
486,2020-03-25,Milpa Alta,3.0,1.0
487,2020-03-25,Xochimilco,22.0,2.0
488,2020-03-25,Azcapotzalco,40.0,4.0
489,2020-03-25,Benito Juárez,32.0,2.0
490,2020-03-25,Gustavo A. Madero,61.0,8.0
491,2020-03-25,La Magdalena Contreras,36.0,6.0
492,2020-03-25,Tláhuac,6.0,0.0
493,2020-03-25,Cuauhtémoc,20.0,1.0
494,2020-03-25,Venustiano Carranza,20.0,1.0
495,2020-03-25,Miguel Hidalgo,100.0,3.0
496,2020-03-26,Benito Juárez,36.0,4.0
497,2020-03-26,Tláhuac,7.0,1.0
498,2020-03-26,Miguel Hidalgo,106.0,6.0
499,2020-03-26,Gustavo A. Madero,70.0,9.0
500,2020-03-26,Xochimilco,22.0,0.0
501,2020-03-26,Coyoacán,27.0,7.0
502,2020-03-26,Azcapotzalco,48.0,8.0
503,2020-03-26,La Magdalena Contreras,38.0,2.0
504,2020-03-26,Tlalpan,39.0,8.0
505,2020-03-26,Álvaro Obregón,55.0,9.0
506,2020-03-26,Milpa Alta,6.0,3.0
507,2020-03-26,Cuajimalpa de Morelos,114.0,14.0
508,2020-03-26,Cuauhtémoc,26.0,6.0
509,2020-03-26,Iztapalapa,39.0,5.0
510,2020-03-26,Venustiano Carranza,24.0,4.0
511,2020-03-26,Iztacalco,33.0,8.0
512,2020-03-27,Álvaro Obregón,60.0,5.0
513,2020-03-27,Tláhuac,7.0,0.0
514,2020-03-27,Iztapalapa,48.0,9.0
515,2020-03-27,Benito Juárez,41.0,5.0
516,2020-03-27,Coyoacán,34.0,7.0
517,2020-03-27,Cuajimalpa de Morelos,137.0,23.0
518,2020-03-27,Iztacalco,45.0,12.0
519,2020-03-27,Milpa Alta,6.0,0.0
520,2020-03-27,La Magdalena Contreras,43.0,5.0
521,2020-03-27,Venustiano Carranza,28.0,4.0
522,2020-03-27,Azcapotzalco,57.0,9.0
523,2020-03-27,Xochimilco,28.0,6.0
524,2020-03-27,Gustavo A. Madero,80.0,10.0
525,2020-03-27,Miguel Hidalgo,108.0,2.0
526,2020-03-27,Cuauhtémoc,30.0,4.0
527,2020-03-27,Tlalpan,43.0,4.0
528,2020-03-28,Benito Juárez,48.0,7.0
529,2020-03-28,Iztapalapa,58.0,10.0
530,2020-03-28,Tlalpan,46.0,3.0
531,2020-03-28,Tláhuac,8.0,1.0
532,2020-03-28,Cuauhtémoc,36.0,6.0
533,2020-03-28,Miguel Hidalgo,113.0,5.0
534,2020-03-28,Gustavo A. Madero,93.0,13.0
535,2020-03-28,Xochimilco,32.0,4.0
536,2020-03-28,Azcapotzalco,63.0,6.0
537,2020-03-28,Venustiano Carranza,29.0,1.0
538,2020-03-28,La Magdalena Contreras,45.0,2.0
539,2020-03-28,Iztacalco,52.0,7.0
540,2020-03-28,Cuajimalpa de Morelos,144.0,7.0
541,2020-03-28,Coyoacán,40.0,6.0
542,2020-03-28,Álvaro Obregón,63.0,3.0
543,2020-03-28,Milpa Alta,8.0,2.0
544,2020-03-29,Miguel Hidalgo,115.0,2.0
545,2020-03-29,Iztacalco,55.0,3.0
546,2020-03-29,Gustavo A. Madero,102.0,9.0
547,2020-03-29,Cuauhtémoc,38.0,2.0
548,2020-03-29,Álvaro Obregón,66.0,3.0
549,2020-03-29,Tlalpan,49.0,3.0
550,2020-03-29,Iztapalapa,64.0,6.0
551,2020-03-29,Benito Juárez,54.0,6.0
552,2020-03-29,Coyoacán,42.0,2.0
553,2020-03-29,Tláhuac,8.0,0.0
554,2020-03-29,Milpa Alta,9.0,1.0
555,2020-03-29,La Magdalena Contreras,48.0,3.0
556,2020-03-29,Venustiano Carranza,31.0,2.0
557,2020-03-29,Azcapotzalco,72.0,9.0
558,2020-03-29,Cuajimalpa de Morelos,168.0,24.0
559,2020-03-29,Xochimilco,38.0,6.0
560,2020-03-30,Álvaro Obregón,75.0,9.0
561,2020-03-30,Iztapalapa,73.0,9.0
562,2020-03-30,Benito Juárez,57.0,3.0
563,2020-03-30,Tlalpan,59.0,10.0
564,2020-03-30,Cuajimalpa de Morelos,194.0,26.0
565,2020-03-30,Iztacalco,69.0,14.0
566,2020-03-30,Milpa Alta,10.0,1.0
567,2020-03-30,Coyoacán,47.0,5.0
568,2020-03-30,Venustiano Carranza,38.0,7.0
569,2020-03-30,Azcapotzalco,87.0,15.0
570,2020-03-30,Xochimilco,46.0,8.0
571,2020-03-30,Gustavo A. Madero,129.0,27.0
572,2020-03-30,Miguel Hidalgo,121.0,6.0
573,2020-03-30,Cuauhtémoc,45.0,7.0
574,2020-03-30,Tláhuac,10.0,2.0
575,2020-03-30,La Magdalena Contreras,68.0,20.0
576,2020-03-31,Miguel Hidalgo,126.0,5.0
577,2020-03-31,Tláhuac,13.0,3.0
578,2020-03-31,Iztapalapa,79.0,6.0
579,2020-03-31,Benito Juárez,68.0,11.0
580,2020-03-31,Coyoacán,52.0,5.0
581,2020-03-31,Cuajimalpa de Morelos,232.0,38.0
582,2020-03-31,La Magdalena Contreras,80.0,12.0
583,2020-03-31,Iztacalco,83.0,14.0
584,2020-03-31,Milpa Alta,10.0,0.0
585,2020-03-31,Venustiano Carranza,43.0,5.0
586,2020-03-31,Azcapotzalco,106.0,19.0
587,2020-03-31,Xochimilco,49.0,3.0
588,2020-03-31,Gustavo A. Madero,144.0,15.0
589,2020-03-31,Tlalpan,65.0,6.0
590,2020-03-31,Cuauhtémoc,56.0,11.0
591,2020-03-31,Álvaro Obregón,80.0,5.0
592,2020-04-01,Iztapalapa,89.0,10.0
593,2020-04-01,Álvaro Obregón,88.0,8.0
594,2020-04-01,Cuauhtémoc,61.0,5.0
595,2020-04-01,Tlalpan,69.0,4.0
596,2020-04-01,Tláhuac,14.0,1.0
597,2020-04-01,Miguel Hidalgo,136.0,10.0
598,2020-04-01,Gustavo A. Madero,168.0,24.0
599,2020-04-01,Xochimilco,56.0,7.0
600,2020-04-01,La Magdalena Contreras,92.0,12.0
601,2020-04-01,Milpa Alta,13.0,3.0
602,2020-04-01,Iztacalco,94.0,11.0
603,2020-04-01,Cuajimalpa de Morelos,278.0,46.0
604,2020-04-01,Coyoacán,59.0,7.0
605,2020-04-01,Benito Juárez,77.0,9.0
606,2020-04-01,Venustiano Carranza,47.0,4.0
607,2020-04-01,Azcapotzalco,132.0,26.0
608,2020-04-02,Tláhuac,19.0,5.0
609,2020-04-02,Milpa Alta,13.0,0.0
610,2020-04-02,Miguel Hidalgo,143.0,7.0
611,2020-04-02,Cuauhtémoc,65.0,4.0
612,2020-04-02,Álvaro Obregón,96.0,8.0
613,2020-04-02,Tlalpan,73.0,4.0
614,2020-04-02,Iztapalapa,102.0,13.0
615,2020-04-02,Coyoacán,66.0,7.0
616,2020-04-02,Cuajimalpa de Morelos,309.0,31.0
617,2020-04-02,Benito Juárez,84.0,7.0
618,2020-04-02,La Magdalena Contreras,101.0,9.0
619,2020-04-02,Venustiano Carranza,52.0,5.0
620,2020-04-02,Azcapotzalco,154.0,22.0
621,2020-04-02,Xochimilco,61.0,5.0
622,2020-04-02,Gustavo A. Madero,190.0,22.0
623,2020-04-02,Iztacalco,123.0,29.0
624,2020-04-03,Venustiano Carranza,60.0,8.0
625,2020-04-03,Miguel Hidalgo,143.0,0.0
626,2020-04-03,Gustavo A. Madero,215.0,25.0
627,2020-04-03,Xochimilco,70.0,9.0
628,2020-04-03,Azcapotzalco,168.0,14.0
629,2020-04-03,La Magdalena Contreras,120.0,19.0
630,2020-04-03,Álvaro Obregón,105.0,9.0
631,2020-04-03,Cuajimalpa de Morelos,350.0,41.0
632,2020-04-03,Coyoacán,77.0,11.0
633,2020-04-03,Benito Juárez,99.0,15.0
634,2020-04-03,Iztapalapa,116.0,14.0
635,2020-04-03,Tlalpan,80.0,7.0
636,2020-04-03,Cuauhtémoc,71.0,6.0
637,2020-04-03,Iztacalco,138.0,15.0
638,2020-04-03,Tláhuac,20.0,1.0
639,2020-04-03,Milpa Alta,17.0,4.0
640,2020-04-04,Azcapotzalco,172.0,4.0
641,2020-04-04,Gustavo A. Madero,234.0,19.0
642,2020-04-04,Tláhuac,24.0,4.0
643,2020-04-04,Cuauhtémoc,77.0,6.0
644,2020-04-04,Xochimilco,73.0,3.0
645,2020-04-04,Álvaro Obregón,108.0,3.0
646,2020-04-04,Iztapalapa,135.0,19.0
647,2020-04-04,Benito Juárez,104.0,5.0
648,2020-04-04,Tlalpan,82.0,2.0
649,2020-04-04,Coyoacán,85.0,8.0
650,2020-04-04,Cuajimalpa de Morelos,375.0,25.0
651,2020-04-04,Iztacalco,151.0,13.0
652,2020-04-04,Milpa Alta,17.0,0.0
653,2020-04-04,La Magdalena Contreras,124.0,4.0
654,2020-04-04,Miguel Hidalgo,147.0,4.0
655,2020-04-04,Venustiano Carranza,68.0,8.0
656,2020-04-05,Xochimilco,80.0,7.0
657,2020-04-05,Tláhuac,27.0,3.0
658,2020-04-05,Cuauhtémoc,85.0,8.0
659,2020-04-05,Miguel Hidalgo,149.0,2.0
660,2020-04-05,Gustavo A. Madero,250.0,16.0
661,2020-04-05,Azcapotzalco,179.0,7.0
662,2020-04-05,Álvaro Obregón,112.0,4.0
663,2020-04-05,La Magdalena Contreras,127.0,3.0
664,2020-04-05,Tlalpan,87.0,5.0
665,2020-04-05,Iztapalapa,146.0,11.0
666,2020-04-05,Benito Juárez,108.0,4.0
667,2020-04-05,Coyoacán,95.0,10.0
668,2020-04-05,Venustiano Carranza,75.0,7.0
669,2020-04-05,Iztacalco,167.0,16.0
670,2020-04-05,Milpa Alta,20.0,3.0
671,2020-04-05,Cuajimalpa de Morelos,396.0,21.0
672,2020-04-06,Azcapotzalco,208.0,29.0
673,2020-04-06,Venustiano Carranza,93.0,18.0
674,2020-04-06,Xochimilco,91.0,11.0
675,2020-04-06,Milpa Alta,21.0,1.0
676,2020-04-06,Iztacalco,196.0,29.0
677,2020-04-06,Cuajimalpa de Morelos,447.0,51.0
678,2020-04-06,Coyoacán,117.0,22.0
679,2020-04-06,Benito Juárez,118.0,10.0
680,2020-04-06,Iztapalapa,169.0,23.0
681,2020-04-06,Tlalpan,95.0,8.0
682,2020-04-06,Álvaro Obregón,125.0,13.0
683,2020-04-06,Tláhuac,31.0,4.0
684,2020-04-06,La Magdalena Contreras,150.0,23.0
685,2020-04-06,Gustavo A. Madero,292.0,42.0
686,2020-04-06,Miguel Hidalgo,156.0,7.0
687,2020-04-06,Cuauhtémoc,98.0,13.0
688,2020-04-07,Álvaro Obregón,130.0,5.0
689,2020-04-07,Tlalpan,112.0,17.0
690,2020-04-07,Iztapalapa,192.0,23.0
691,2020-04-07,Benito Juárez,128.0,10.0
692,2020-04-07,Coyoacán,133.0,16.0
693,2020-04-07,Cuajimalpa de Morelos,481.0,34.0
694,2020-04-07,Iztacalco,219.0,23.0
695,2020-04-07,Milpa Alta,34.0,13.0
696,2020-04-07,La Magdalena Contreras,170.0,20.0
697,2020-04-07,Venustiano Carranza,104.0,11.0
698,2020-04-07,Azcapotzalco,234.0,26.0
699,2020-04-07,Xochimilco,110.0,19.0
700,2020-04-07,Gustavo A. Madero,332.0,40.0
701,2020-04-07,Miguel Hidalgo,158.0,2.0
702,2020-04-07,Cuauhtémoc,107.0,9.0
703,2020-04-07,Tláhuac,36.0,5.0
704,2020-04-08,Álvaro Obregón,138.0,8.0
705,2020-04-08,Iztapalapa,210.0,18.0
706,2020-04-08,Benito Juárez,137.0,9.0
707,2020-04-08,Coyoacán,151.0,18.0
708,2020-04-08,Cuajimalpa de Morelos,528.0,47.0
709,2020-04-08,Iztacalco,244.0,25.0
710,2020-04-08,Tlalpan,129.0,17.0
711,2020-04-08,La Magdalena Contreras,196.0,26.0
712,2020-04-08,Azcapotzalco,272.0,38.0
713,2020-04-08,Xochimilco,124.0,14.0
714,2020-04-08,Gustavo A. Madero,378.0,46.0
715,2020-04-08,Miguel Hidalgo,166.0,8.0
716,2020-04-08,Cuauhtémoc,125.0,18.0
717,2020-04-08,Tláhuac,39.0,3.0
718,2020-04-08,Venustiano Carranza,112.0,8.0
719,2020-04-08,Milpa Alta,36.0,2.0
720,2020-04-09,Miguel Hidalgo,171.0,5.0
721,2020-04-09,Cuajimalpa de Morelos,577.0,49.0
722,2020-04-09,Cuauhtémoc,137.0,12.0
723,2020-04-09,Tláhuac,47.0,8.0
724,2020-04-09,Álvaro Obregón,153.0,15.0
725,2020-04-09,Tlalpan,141.0,12.0
726,2020-04-09,Iztapalapa,234.0,24.0
727,2020-04-09,Benito Juárez,148.0,11.0
728,2020-04-09,Coyoacán,168.0,17.0
729,2020-04-09,Iztacalco,261.0,17.0
730,2020-04-09,Milpa Alta,41.0,5.0
731,2020-04-09,La Magdalena Contreras,216.0,20.0
732,2020-04-09,Venustiano Carranza,119.0,7.0
733,2020-04-09,Azcapotzalco,296.0,24.0
734,2020-04-09,Xochimilco,130.0,6.0
735,2020-04-09,Gustavo A. Madero,399.0,21.0
736,2020-04-10,Cuauhtémoc,149.0,12.0
737,2020-04-10,Tlalpan,158.0,17.0
738,2020-04-10,Álvaro Obregón,169.0,16.0
739,2020-04-10,Gustavo A. Madero,432.0,33.0
740,2020-04-10,Xochimilco,142.0,12.0
741,2020-04-10,Azcapotzalco,328.0,32.0
742,2020-04-10,Venustiano Carranza,125.0,6.0
743,2020-04-10,La Magdalena Contreras,231.0,15.0
744,2020-04-10,Miguel Hidalgo,177.0,6.0
745,2020-04-10,Tláhuac,52.0,5.0
746,2020-04-10,Iztacalco,294.0,33.0
747,2020-04-10,Cuajimalpa de Morelos,613.0,36.0
748,2020-04-10,Coyoacán,194.0,26.0
749,2020-04-10,Benito Juárez,160.0,12.0
750,2020-04-10,Iztapalapa,257.0,23.0
751,2020-04-10,Milpa Alta,54.0,13.0
752,2020-04-11,Cuauhtémoc,159.0,10.0
753,2020-04-11,Miguel Hidalgo,182.0,5.0
754,2020-04-11,Gustavo A. Madero,457.0,25.0
755,2020-04-11,Xochimilco,158.0,16.0
756,2020-04-11,Azcapotzalco,358.0,30.0
757,2020-04-11,Venustiano Carranza,131.0,6.0
758,2020-04-11,Tláhuac,54.0,2.0
759,2020-04-11,Milpa Alta,57.0,3.0
760,2020-04-11,Cuajimalpa de Morelos,640.0,27.0
761,2020-04-11,Coyoacán,219.0,25.0
762,2020-04-11,Benito Juárez,171.0,11.0
763,2020-04-11,Iztapalapa,273.0,16.0
764,2020-04-11,La Magdalena Contreras,238.0,7.0
765,2020-04-11,Iztacalco,320.0,26.0
766,2020-04-11,Álvaro Obregón,175.0,6.0
767,2020-04-11,Tlalpan,174.0,16.0
768,2020-04-12,Iztapalapa,290.0,17.0
769,2020-04-12,Tláhuac,59.0,5.0
770,2020-04-12,Cuauhtémoc,167.0,8.0
771,2020-04-12,Miguel Hidalgo,188.0,6.0
772,2020-04-12,Gustavo A. Madero,496.0,39.0
773,2020-04-12,Xochimilco,168.0,10.0
774,2020-04-12,Azcapotzalco,389.0,31.0
775,2020-04-12,Venustiano Carranza,136.0,5.0
776,2020-04-12,La Magdalena Contreras,246.0,8.0
777,2020-04-12,Iztacalco,351.0,31.0
778,2020-04-12,Cuajimalpa de Morelos,684.0,44.0
779,2020-04-12,Coyoacán,230.0,11.0
780,2020-04-12,Benito Juárez,181.0,10.0
781,2020-04-12,Álvaro Obregón,183.0,8.0
782,2020-04-12,Milpa Alta,62.0,5.0
783,2020-04-12,Tlalpan,189.0,15.0
784,2020-04-13,Miguel Hidalgo,201.0,13.0
785,2020-04-13,Gustavo A. Madero,557.0,61.0
786,2020-04-13,Xochimilco,187.0,19.0
787,2020-04-13,Azcapotzalco,432.0,43.0
788,2020-04-13,Venustiano Carranza,147.0,11.0
789,2020-04-13,La Magdalena Contreras,265.0,19.0
790,2020-04-13,Milpa Alta,67.0,5.0
791,2020-04-13,Iztacalco,421.0,70.0
792,2020-04-13,Cuajimalpa de Morelos,754.0,70.0
793,2020-04-13,Coyoacán,258.0,28.0
794,2020-04-13,Benito Juárez,202.0,21.0
795,2020-04-13,Iztapalapa,344.0,54.0
796,2020-04-13,Tlalpan,223.0,34.0
797,2020-04-13,Álvaro Obregón,199.0,16.0
798,2020-04-13,Cuauhtémoc,187.0,20.0
799,2020-04-13,Tláhuac,71.0,12.0
800,2020-04-14,Tláhuac,81.0,10.0
801,2020-04-14,Cuauhtémoc,202.0,15.0
802,2020-04-14,Miguel Hidalgo,214.0,13.0
803,2020-04-14,Gustavo A. Madero,604.0,47.0
804,2020-04-14,Xochimilco,211.0,24.0
805,2020-04-14,Azcapotzalco,494.0,62.0
806,2020-04-14,Venustiano Carranza,169.0,22.0
807,2020-04-14,La Magdalena Contreras,296.0,31.0
808,2020-04-14,Iztacalco,471.0,50.0
809,2020-04-14,Cuajimalpa de Morelos,836.0,82.0
810,2020-04-14,Coyoacán,279.0,21.0
811,2020-04-14,Benito Juárez,224.0,22.0
812,2020-04-14,Iztapalapa,395.0,51.0
813,2020-04-14,Tlalpan,245.0,22.0
814,2020-04-14,Álvaro Obregón,228.0,29.0
815,2020-04-14,Milpa Alta,77.0,10.0
816,2020-04-15,Cuauhtémoc,221.0,19.0
817,2020-04-15,Tláhuac,91.0,10.0
818,2020-04-15,Iztapalapa,438.0,43.0
819,2020-04-15,Benito Juárez,240.0,16.0
820,2020-04-15,Coyoacán,308.0,29.0
821,2020-04-15,Iztacalco,527.0,56.0
822,2020-04-15,Milpa Alta,85.0,8.0
823,2020-04-15,Cuajimalpa de Morelos,920.0,84.0
824,2020-04-15,La Magdalena Contreras,310.0,14.0
825,2020-04-15,Venustiano Carranza,184.0,15.0
826,2020-04-15,Azcapotzalco,551.0,57.0
827,2020-04-15,Xochimilco,235.0,24.0
828,2020-04-15,Gustavo A. Madero,658.0,54.0
829,2020-04-15,Miguel Hidalgo,221.0,7.0
830,2020-04-15,Álvaro Obregón,250.0,22.0
831,2020-04-15,Tlalpan,267.0,22.0
832,2020-04-16,Milpa Alta,90.0,5.0
833,2020-04-16,Iztapalapa,499.0,61.0
834,2020-04-16,Benito Juárez,254.0,14.0
835,2020-04-16,Coyoacán,342.0,34.0
836,2020-04-16,Cuajimalpa de Morelos,1009.0,89.0
837,2020-04-16,Iztacalco,584.0,57.0
838,2020-04-16,Cuauhtémoc,241.0,20.0
839,2020-04-16,Venustiano Carranza,194.0,10.0
840,2020-04-16,Azcapotzalco,604.0,53.0
841,2020-04-16,Xochimilco,254.0,19.0
842,2020-04-16,Gustavo A. Madero,705.0,47.0
843,2020-04-16,Miguel Hidalgo,230.0,9.0
844,2020-04-16,Tláhuac,102.0,11.0
845,2020-04-16,Álvaro Obregón,279.0,29.0
846,2020-04-16,La Magdalena Contreras,322.0,12.0
847,2020-04-16,Tlalpan,301.0,34.0
848,2020-04-17,Iztacalco,634.0,50.0
849,2020-04-17,Tlalpan,351.0,50.0
850,2020-04-17,Álvaro Obregón,309.0,30.0
851,2020-04-17,Tláhuac,117.0,15.0
852,2020-04-17,Cuauhtémoc,264.0,23.0
853,2020-04-17,Miguel Hidalgo,243.0,13.0
854,2020-04-17,Xochimilco,280.0,26.0
855,2020-04-17,Azcapotzalco,669.0,65.0
856,2020-04-17,Gustavo A. Madero,780.0,75.0
857,2020-04-17,La Magdalena Contreras,350.0,28.0
858,2020-04-17,Milpa Alta,114.0,24.0
859,2020-04-17,Cuajimalpa de Morelos,1084.0,75.0
860,2020-04-17,Coyoacán,373.0,31.0
861,2020-04-17,Benito Juárez,275.0,21.0
862,2020-04-17,Iztapalapa,567.0,68.0
863,2020-04-17,Venustiano Carranza,216.0,22.0
864,2020-04-18,Cuajimalpa de Morelos,1146.0,62.0
865,2020-04-18,Tlalpan,381.0,30.0
866,2020-04-18,Iztapalapa,613.0,46.0
867,2020-04-18,Benito Juárez,292.0,17.0
868,2020-04-18,Coyoacán,399.0,26.0
869,2020-04-18,Iztacalco,677.0,43.0
870,2020-04-18,Miguel Hidalgo,248.0,5.0
871,2020-04-18,La Magdalena Contreras,365.0,15.0
872,2020-04-18,Venustiano Carranza,232.0,16.0
873,2020-04-18,Azcapotzalco,697.0,28.0
874,2020-04-18,Xochimilco,307.0,27.0
875,2020-04-18,Gustavo A. Madero,832.0,52.0
876,2020-04-18,Milpa Alta,126.0,12.0
877,2020-04-18,Álvaro Obregón,322.0,13.0
878,2020-04-18,Tláhuac,129.0,12.0
879,2020-04-18,Cuauhtémoc,275.0,11.0
880,2020-04-19,Tlalpan,403.0,22.0
881,2020-04-19,Iztapalapa,677.0,64.0
882,2020-04-19,Benito Juárez,306.0,14.0
883,2020-04-19,Coyoacán,423.0,24.0
884,2020-04-19,Cuajimalpa de Morelos,1201.0,55.0
885,2020-04-19,Iztacalco,715.0,38.0
886,2020-04-19,La Magdalena Contreras,383.0,18.0
887,2020-04-19,Venustiano Carranza,243.0,11.0
888,2020-04-19,Azcapotzalco,723.0,26.0
889,2020-04-19,Xochimilco,323.0,16.0
890,2020-04-19,Gustavo A. Madero,878.0,46.0
891,2020-04-19,Miguel Hidalgo,254.0,6.0
892,2020-04-19,Cuauhtémoc,281.0,6.0
893,2020-04-19,Tláhuac,140.0,11.0
894,2020-04-19,Milpa Alta,133.0,7.0
895,2020-04-19,Álvaro Obregón,336.0,14.0
896,2020-04-20,Álvaro Obregón,362.0,26.0
897,2020-04-20,Tlalpan,456.0,53.0
898,2020-04-20,Iztapalapa,785.0,108.0
899,2020-04-20,Benito Juárez,332.0,26.0
900,2020-04-20,Coyoacán,464.0,41.0
901,2020-04-20,Iztacalco,791.0,76.0
902,2020-04-20,Milpa Alta,158.0,25.0
903,2020-04-20,Cuajimalpa de Morelos,1314.0,113.0
904,2020-04-20,Venustiano Carranza,271.0,28.0
905,2020-04-20,Azcapotzalco,780.0,57.0
906,2020-04-20,Xochimilco,377.0,54.0
907,2020-04-20,Gustavo A. Madero,971.0,93.0
908,2020-04-20,Miguel Hidalgo,275.0,21.0
909,2020-04-20,Cuauhtémoc,310.0,29.0
910,2020-04-20,Tláhuac,164.0,24.0
911,2020-04-20,La Magdalena Contreras,401.0,18.0
912,2020-04-21,Coyoacán,504.0,40.0
913,2020-04-21,Cuauhtémoc,337.0,27.0
914,2020-04-21,Álvaro Obregón,394.0,32.0
915,2020-04-21,Tlalpan,516.0,60.0
916,2020-04-21,Iztapalapa,881.0,96.0
917,2020-04-21,Benito Juárez,348.0,16.0
918,2020-04-21,Cuajimalpa de Morelos,1419.0,105.0
919,2020-04-21,Tláhuac,188.0,24.0
920,2020-04-21,Milpa Alta,175.0,17.0
921,2020-04-21,La Magdalena Contreras,423.0,22.0
922,2020-04-21,Venustiano Carranza,299.0,28.0
923,2020-04-21,Azcapotzalco,854.0,74.0
924,2020-04-21,Xochimilco,417.0,40.0
925,2020-04-21,Gustavo A. Madero,1083.0,112.0
926,2020-04-21,Iztacalco,843.0,52.0
927,2020-04-21,Miguel Hidalgo,298.0,23.0
928,2020-04-22,Álvaro Obregón,415.0,21.0
929,2020-04-22,Tlalpan,558.0,42.0
930,2020-04-22,Iztapalapa,989.0,108.0
931,2020-04-22,Benito Juárez,372.0,24.0
932,2020-04-22,Coyoacán,534.0,30.0
933,2020-04-22,Cuajimalpa de Morelos,1528.0,109.0
934,2020-04-22,Iztacalco,894.0,51.0
935,2020-04-22,La Magdalena Contreras,448.0,25.0
936,2020-04-22,Venustiano Carranza,340.0,41.0
937,2020-04-22,Azcapotzalco,906.0,52.0
938,2020-04-22,Xochimilco,456.0,39.0
939,2020-04-22,Gustavo A. Madero,1164.0,81.0
940,2020-04-22,Miguel Hidalgo,310.0,12.0
941,2020-04-22,Cuauhtémoc,360.0,23.0
942,2020-04-22,Tláhuac,221.0,33.0
943,2020-04-22,Milpa Alta,202.0,27.0
944,2020-04-23,Tláhuac,242.0,21.0
945,2020-04-23,Cuauhtémoc,383.0,23.0
946,2020-04-23,Miguel Hidalgo,329.0,19.0
947,2020-04-23,Xochimilco,491.0,35.0
948,2020-04-23,Azcapotzalco,978.0,72.0
949,2020-04-23,Venustiano Carranza,367.0,27.0
950,2020-04-23,La Magdalena Contreras,474.0,26.0
951,2020-04-23,Gustavo A. Madero,1267.0,103.0
952,2020-04-23,Iztacalco,954.0,60.0
953,2020-04-23,Milpa Alta,219.0,17.0
954,2020-04-23,Álvaro Obregón,446.0,31.0
955,2020-04-23,Tlalpan,588.0,30.0
956,2020-04-23,Coyoacán,584.0,50.0
957,2020-04-23,Benito Juárez,397.0,25.0
958,2020-04-23,Cuajimalpa de Morelos,1623.0,95.0
959,2020-04-23,Iztapalapa,1074.0,85.0
960,2020-04-24,Miguel Hidalgo,354.0,25.0
961,2020-04-24,Gustavo A. Madero,1350.0,83.0
962,2020-04-24,Xochimilco,545.0,54.0
963,2020-04-24,Azcapotzalco,1039.0,61.0
964,2020-04-24,Venustiano Carranza,403.0,36.0
965,2020-04-24,La Magdalena Contreras,527.0,53.0
966,2020-04-24,Iztacalco,1053.0,99.0
967,2020-04-24,Cuajimalpa de Morelos,1712.0,89.0
968,2020-04-24,Benito Juárez,436.0,39.0
969,2020-04-24,Iztapalapa,1186.0,112.0
970,2020-04-24,Tlalpan,631.0,43.0
971,2020-04-24,Álvaro Obregón,484.0,38.0
972,2020-04-24,Cuauhtémoc,413.0,30.0
973,2020-04-24,Milpa Alta,237.0,18.0
974,2020-04-24,Coyoacán,628.0,44.0
975,2020-04-24,Tláhuac,266.0,24.0
976,2020-04-25,Miguel Hidalgo,367.0,13.0
977,2020-04-25,Tláhuac,276.0,10.0
978,2020-04-25,Álvaro Obregón,498.0,14.0
979,2020-04-25,Tlalpan,664.0,33.0
980,2020-04-25,Iztapalapa,1249.0,63.0
981,2020-04-25,Benito Juárez,456.0,20.0
982,2020-04-25,Coyoacán,660.0,32.0
983,2020-04-25,Cuajimalpa de Morelos,1764.0,52.0
984,2020-04-25,Iztacalco,1088.0,35.0
985,2020-04-25,Gustavo A. Madero,1411.0,61.0
986,2020-04-25,Milpa Alta,256.0,19.0
987,2020-04-25,La Magdalena Contreras,542.0,15.0
988,2020-04-25,Venustiano Carranza,418.0,15.0
989,2020-04-25,Azcapotzalco,1074.0,35.0
990,2020-04-25,Xochimilco,574.0,29.0
991,2020-04-25,Cuauhtémoc,434.0,21.0
992,2020-04-26,Cuauhtémoc,456.0,22.0
993,2020-04-26,Xochimilco,591.0,17.0
994,2020-04-26,Azcapotzalco,1106.0,32.0
995,2020-04-26,Venustiano Carranza,442.0,24.0
996,2020-04-26,La Magdalena Contreras,557.0,15.0
997,2020-04-26,Milpa Alta,268.0,12.0
998,2020-04-26,Iztacalco,1125.0,37.0
999,2020-04-26,Cuajimalpa de Morelos,1826.0,62.0
1000,2020-04-26,Coyoacán,685.0,25.0
1001,2020-04-26,Benito Juárez,476.0,20.0
1002,2020-04-26,Iztapalapa,1335.0,86.0
1003,2020-04-26,Tlalpan,684.0,20.0
1004,2020-04-26,Álvaro Obregón,519.0,21.0
1005,2020-04-26,Tláhuac,294.0,18.0
1006,2020-04-26,Gustavo A. Madero,1463.0,52.0
1007,2020-04-26,Miguel Hidalgo,376.0,9.0
1008,2020-04-27,Tlalpan,728.0,44.0
1009,2020-04-27,Iztapalapa,1460.0,125.0
1010,2020-04-27,Benito Juárez,496.0,20.0
1011,2020-04-27,Coyoacán,724.0,39.0
1012,2020-04-27,Cuajimalpa de Morelos,1928.0,102.0
1013,2020-04-27,Iztacalco,1232.0,107.0
1014,2020-04-27,Milpa Alta,290.0,22.0
1015,2020-04-27,La Magdalena Contreras,592.0,35.0
1016,2020-04-27,Venustiano Carranza,485.0,43.0
1017,2020-04-27,Azcapotzalco,1181.0,75.0
1018,2020-04-27,Xochimilco,632.0,41.0
1019,2020-04-27,Tláhuac,321.0,27.0
1020,2020-04-27,Gustavo A. Madero,1569.0,106.0
1021,2020-04-27,Miguel Hidalgo,398.0,22.0
1022,2020-04-27,Álvaro Obregón,573.0,54.0
1023,2020-04-27,Cuauhtémoc,492.0,36.0
1024,2020-04-28,Azcapotzalco,1239.0,58.0
1025,2020-04-28,Cuauhtémoc,532.0,40.0
1026,2020-04-28,Álvaro Obregón,618.0,45.0
1027,2020-04-28,Tlalpan,768.0,40.0
1028,2020-04-28,Tláhuac,364.0,43.0
1029,2020-04-28,Benito Juárez,527.0,31.0
1030,2020-04-28,Coyoacán,782.0,58.0
1031,2020-04-28,Cuajimalpa de Morelos,2017.0,89.0
1032,2020-04-28,Iztapalapa,1587.0,127.0
1033,2020-04-28,Milpa Alta,315.0,25.0
1034,2020-04-28,La Magdalena Contreras,605.0,13.0
1035,2020-04-28,Venustiano Carranza,528.0,43.0
1036,2020-04-28,Xochimilco,667.0,35.0
1037,2020-04-28,Gustavo A. Madero,1680.0,111.0
1038,2020-04-28,Miguel Hidalgo,421.0,23.0
1039,2020-04-28,Iztacalco,1325.0,93.0
1040,2020-04-29,Cuauhtémoc,567.0,35.0
1041,2020-04-29,Miguel Hidalgo,450.0,29.0
1042,2020-04-29,Gustavo A. Madero,1794.0,114.0
1043,2020-04-29,Xochimilco,700.0,33.0
1044,2020-04-29,Azcapotzalco,1330.0,91.0
1045,2020-04-29,Venustiano Carranza,564.0,36.0
1046,2020-04-29,La Magdalena Contreras,637.0,32.0
1047,2020-04-29,Milpa Alta,342.0,27.0
1048,2020-04-29,Iztacalco,1408.0,83.0
1049,2020-04-29,Coyoacán,829.0,47.0
1050,2020-04-29,Benito Juárez,562.0,35.0
1051,2020-04-29,Iztapalapa,1734.0,147.0
1052,2020-04-29,Tlalpan,829.0,61.0
1053,2020-04-29,Álvaro Obregón,654.0,36.0
1054,2020-04-29,Tláhuac,393.0,29.0
1055,2020-04-29,Cuajimalpa de Morelos,2105.0,88.0
1056,2020-04-30,Álvaro Obregón,689.0,35.0
1057,2020-04-30,Tlalpan,874.0,45.0
1058,2020-04-30,Benito Juárez,595.0,33.0
1059,2020-04-30,Coyoacán,895.0,66.0
1060,2020-04-30,Cuajimalpa de Morelos,2218.0,113.0
1061,2020-04-30,Iztacalco,1488.0,80.0
1062,2020-04-30,Iztapalapa,1875.0,141.0
1063,2020-04-30,La Magdalena Contreras,660.0,23.0
1064,2020-04-30,Venustiano Carranza,609.0,45.0
1065,2020-04-30,Azcapotzalco,1403.0,73.0
1066,2020-04-30,Xochimilco,746.0,46.0
1067,2020-04-30,Gustavo A. Madero,1895.0,101.0
1068,2020-04-30,Miguel Hidalgo,471.0,21.0
1069,2020-04-30,Cuauhtémoc,592.0,25.0
1070,2020-04-30,Tláhuac,421.0,28.0
1071,2020-04-30,Milpa Alta,360.0,18.0
1072,2020-05-01,Iztapalapa,1968.0,93.0
1073,2020-05-01,Benito Juárez,612.0,17.0
1074,2020-05-01,Coyoacán,923.0,28.0
1075,2020-05-01,Cuajimalpa de Morelos,2308.0,90.0
1076,2020-05-01,Iztacalco,1566.0,78.0
1077,2020-05-01,La Magdalena Contreras,675.0,15.0
1078,2020-05-01,Gustavo A. Madero,1976.0,81.0
1079,2020-05-01,Azcapotzalco,1468.0,65.0
1080,2020-05-01,Xochimilco,780.0,34.0
1081,2020-05-01,Miguel Hidalgo,483.0,12.0
1082,2020-05-01,Cuauhtémoc,614.0,22.0
1083,2020-05-01,Tláhuac,438.0,17.0
1084,2020-05-01,Venustiano Carranza,632.0,23.0
1085,2020-05-01,Milpa Alta,370.0,10.0
1086,2020-05-01,Álvaro Obregón,719.0,30.0
1087,2020-05-01,Tlalpan,914.0,40.0
1088,2020-05-02,Álvaro Obregón,738.0,19.0
1089,2020-05-02,Tlalpan,956.0,42.0
1090,2020-05-02,Iztapalapa,2058.0,90.0
1091,2020-05-02,Benito Juárez,639.0,27.0
1092,2020-05-02,Coyoacán,960.0,37.0
1093,2020-05-02,Cuajimalpa de Morelos,2387.0,79.0
1094,2020-05-02,Iztacalco,1632.0,66.0
1095,2020-05-02,Milpa Alta,392.0,22.0
1096,2020-05-02,La Magdalena Contreras,686.0,11.0
1097,2020-05-02,Venustiano Carranza,654.0,22.0
1098,2020-05-02,Azcapotzalco,1525.0,57.0
1099,2020-05-02,Xochimilco,812.0,32.0
1100,2020-05-02,Gustavo A. Madero,2089.0,113.0
1101,2020-05-02,Miguel Hidalgo,500.0,17.0
1102,2020-05-02,Cuauhtémoc,638.0,24.0
1103,2020-05-02,Tláhuac,462.0,24.0
1104,2020-05-03,Cuauhtémoc,656.0,18.0
1105,2020-05-03,Miguel Hidalgo,516.0,16.0
1106,2020-05-03,Xochimilco,842.0,30.0
1107,2020-05-03,Gustavo A. Madero,2148.0,59.0
1108,2020-05-03,Álvaro Obregón,757.0,19.0
1109,2020-05-03,Tlalpan,993.0,37.0
1110,2020-05-03,Iztapalapa,2151.0,93.0
1111,2020-05-03,Benito Juárez,665.0,26.0
1112,2020-05-03,Coyoacán,991.0,31.0
1113,2020-05-03,Cuajimalpa de Morelos,2461.0,74.0
1114,2020-05-03,Azcapotzalco,1598.0,73.0
1115,2020-05-03,Iztacalco,1685.0,53.0
1116,2020-05-03,Milpa Alta,408.0,16.0
1117,2020-05-03,La Magdalena Contreras,699.0,13.0
1118,2020-05-03,Venustiano Carranza,687.0,33.0
1119,2020-05-03,Tláhuac,492.0,30.0
1120,2020-05-04,Miguel Hidalgo,545.0,29.0
1121,2020-05-04,Álvaro Obregón,803.0,46.0
1122,2020-05-04,Tlalpan,1070.0,77.0
1123,2020-05-04,Iztapalapa,2303.0,152.0
1124,2020-05-04,Benito Juárez,704.0,39.0
1125,2020-05-04,Coyoacán,1071.0,80.0
1126,2020-05-04,Cuajimalpa de Morelos,2587.0,126.0
1127,2020-05-04,Gustavo A. Madero,2298.0,150.0
1128,2020-05-04,Iztacalco,1796.0,111.0
1129,2020-05-04,La Magdalena Contreras,726.0,27.0
1130,2020-05-04,Venustiano Carranza,763.0,76.0
1131,2020-05-04,Azcapotzalco,1716.0,118.0
1132,2020-05-04,Xochimilco,930.0,88.0
1133,2020-05-04,Tláhuac,537.0,45.0
1134,2020-05-04,Milpa Alta,437.0,29.0
1135,2020-05-04,Cuauhtémoc,702.0,46.0
1136,2020-05-05,Álvaro Obregón,848.0,45.0
1137,2020-05-05,Venustiano Carranza,818.0,55.0
1138,2020-05-05,Iztapalapa,2448.0,145.0
1139,2020-05-05,Tláhuac,577.0,40.0
1140,2020-05-05,Cuauhtémoc,744.0,42.0
1141,2020-05-05,Miguel Hidalgo,564.0,19.0
1142,2020-05-05,Gustavo A. Madero,2415.0,117.0
1143,2020-05-05,Xochimilco,978.0,48.0
1144,2020-05-05,Benito Juárez,739.0,35.0
1145,2020-05-05,La Magdalena Contreras,749.0,23.0
1146,2020-05-05,Milpa Alta,458.0,21.0
1147,2020-05-05,Iztacalco,1853.0,57.0
1148,2020-05-05,Tlalpan,1139.0,69.0
1149,2020-05-05,Azcapotzalco,1838.0,122.0
1150,2020-05-05,Coyoacán,1130.0,59.0
1151,2020-05-05,Cuajimalpa de Morelos,2704.0,117.0
1152,2020-05-06,Miguel Hidalgo,594.0,30.0
1153,2020-05-06,Álvaro Obregón,912.0,64.0
1154,2020-05-06,Tlalpan,1219.0,80.0
1155,2020-05-06,Iztapalapa,2616.0,168.0
1156,2020-05-06,Benito Juárez,770.0,31.0
1157,2020-05-06,Coyoacán,1205.0,75.0
1158,2020-05-06,Cuajimalpa de Morelos,2814.0,110.0
1159,2020-05-06,Iztacalco,1964.0,111.0
1160,2020-05-06,Milpa Alta,491.0,33.0
1161,2020-05-06,La Magdalena Contreras,770.0,21.0
1162,2020-05-06,Venustiano Carranza,889.0,71.0
1163,2020-05-06,Azcapotzalco,1950.0,112.0
1164,2020-05-06,Tláhuac,634.0,57.0
1165,2020-05-06,Cuauhtémoc,784.0,40.0
1166,2020-05-06,Xochimilco,1031.0,53.0
1167,2020-05-06,Gustavo A. Madero,2533.0,118.0
1168,2020-05-07,Tláhuac,669.0,35.0
1169,2020-05-07,Tlalpan,1301.0,82.0
1170,2020-05-07,Benito Juárez,802.0,32.0
1171,2020-05-07,Coyoacán,1290.0,85.0
1172,2020-05-07,Cuajimalpa de Morelos,2938.0,124.0
1173,2020-05-07,Iztacalco,2054.0,90.0
1174,2020-05-07,Milpa Alta,521.0,30.0
1175,2020-05-07,La Magdalena Contreras,796.0,26.0
1176,2020-05-07,Iztapalapa,2760.0,144.0
1177,2020-05-07,Azcapotzalco,2073.0,123.0
1178,2020-05-07,Venustiano Carranza,968.0,79.0
1179,2020-05-07,Cuauhtémoc,839.0,55.0
1180,2020-05-07,Álvaro Obregón,957.0,45.0
1181,2020-05-07,Gustavo A. Madero,2672.0,139.0
1182,2020-05-07,Xochimilco,1098.0,67.0
1183,2020-05-07,Miguel Hidalgo,628.0,34.0
1184,2020-05-08,Miguel Hidalgo,661.0,33.0
1185,2020-05-08,Álvaro Obregón,995.0,38.0
1186,2020-05-08,Tlalpan,1379.0,78.0
1187,2020-05-08,Iztapalapa,2971.0,211.0
1188,2020-05-08,Benito Juárez,838.0,36.0
1189,2020-05-08,Gustavo A. Madero,2808.0,136.0
1190,2020-05-08,Cuajimalpa de Morelos,3038.0,100.0
1191,2020-05-08,Iztacalco,2147.0,93.0
1192,2020-05-08,La Magdalena Contreras,828.0,32.0
1193,2020-05-08,Venustiano Carranza,1031.0,63.0
1194,2020-05-08,Azcapotzalco,2214.0,141.0
1195,2020-05-08,Xochimilco,1176.0,78.0
1196,2020-05-08,Tláhuac,709.0,40.0
1197,2020-05-08,Coyoacán,1379.0,89.0
1198,2020-05-08,Milpa Alta,549.0,28.0
1199,2020-05-08,Cuauhtémoc,888.0,49.0
1200,2020-05-09,Tlalpan,1412.0,33.0
1201,2020-05-09,Iztapalapa,3095.0,124.0
1202,2020-05-09,Benito Juárez,878.0,40.0
1203,2020-05-09,Coyoacán,1414.0,35.0
1204,2020-05-09,Cuajimalpa de Morelos,3117.0,79.0
1205,2020-05-09,Milpa Alta,568.0,19.0
1206,2020-05-09,La Magdalena Contreras,840.0,12.0
1207,2020-05-09,Venustiano Carranza,1054.0,23.0
1208,2020-05-09,Azcapotzalco,2282.0,68.0
1209,2020-05-09,Xochimilco,1219.0,43.0
1210,2020-05-09,Gustavo A. Madero,2877.0,69.0
1211,2020-05-09,Miguel Hidalgo,675.0,14.0
1212,2020-05-09,Tláhuac,735.0,26.0
1213,2020-05-09,Cuauhtémoc,914.0,26.0
1214,2020-05-09,Álvaro Obregón,1026.0,31.0
1215,2020-05-09,Iztacalco,2213.0,66.0
1216,2020-05-10,Tláhuac,762.0,27.0
1217,2020-05-10,Milpa Alta,591.0,23.0
1218,2020-05-10,Álvaro Obregón,1052.0,26.0
1219,2020-05-10,Tlalpan,1444.0,32.0
1220,2020-05-10,Iztapalapa,3191.0,96.0
1221,2020-05-10,Benito Juárez,906.0,28.0
1222,2020-05-10,Coyoacán,1451.0,37.0
1223,2020-05-10,Cuajimalpa de Morelos,3179.0,62.0
1224,2020-05-10,Iztacalco,2264.0,51.0
1225,2020-05-10,La Magdalena Contreras,860.0,20.0
1226,2020-05-10,Venustiano Carranza,1081.0,27.0
1227,2020-05-10,Azcapotzalco,2362.0,80.0
1228,2020-05-10,Xochimilco,1267.0,48.0
1229,2020-05-10,Miguel Hidalgo,687.0,12.0
1230,2020-05-10,Cuauhtémoc,933.0,19.0
1231,2020-05-10,Gustavo A. Madero,2947.0,70.0
1232,2020-05-11,Cuauhtémoc,1011.0,78.0
1233,2020-05-11,Tláhuac,820.0,58.0
1234,2020-05-11,Álvaro Obregón,1107.0,55.0
1235,2020-05-11,Tlalpan,1513.0,69.0
1236,2020-05-11,Iztapalapa,3364.0,173.0
1237,2020-05-11,Benito Juárez,972.0,66.0
1238,2020-05-11,Miguel Hidalgo,742.0,55.0
1239,2020-05-11,Cuajimalpa de Morelos,3298.0,119.0
1240,2020-05-11,Iztacalco,2382.0,118.0
1241,2020-05-11,Coyoacán,1534.0,83.0
1242,2020-05-11,Milpa Alta,618.0,27.0
1243,2020-05-11,La Magdalena Contreras,919.0,59.0
1244,2020-05-11,Venustiano Carranza,1144.0,63.0
1245,2020-05-11,Azcapotzalco,2494.0,132.0
1246,2020-05-11,Xochimilco,1340.0,73.0
1247,2020-05-11,Gustavo A. Madero,3100.0,153.0
1248,2020-05-12,La Magdalena Contreras,949.0,30.0
1249,2020-05-12,Gustavo A. Madero,3243.0,143.0
1250,2020-05-12,Xochimilco,1406.0,66.0
1251,2020-05-12,Azcapotzalco,2642.0,148.0
1252,2020-05-12,Venustiano Carranza,1218.0,74.0
1253,2020-05-12,Tláhuac,888.0,68.0
1254,2020-05-12,Milpa Alta,646.0,28.0
1255,2020-05-12,Miguel Hidalgo,788.0,46.0
1256,2020-05-12,Cuajimalpa de Morelos,3395.0,97.0
1257,2020-05-12,Coyoacán,1623.0,89.0
1258,2020-05-12,Benito Juárez,1027.0,55.0
1259,2020-05-12,Iztapalapa,3541.0,177.0
1260,2020-05-12,Tlalpan,1584.0,71.0
1261,2020-05-12,Álvaro Obregón,1175.0,68.0
1262,2020-05-12,Cuauhtémoc,1069.0,58.0
1263,2020-05-12,Iztacalco,2484.0,102.0
1264,2020-05-13,Gustavo A. Madero,3407.0,164.0
1265,2020-05-13,Cuajimalpa de Morelos,3524.0,129.0
1266,2020-05-13,Xochimilco,1482.0,76.0
1267,2020-05-13,Azcapotzalco,2790.0,148.0
1268,2020-05-13,Venustiano Carranza,1297.0,79.0
1269,2020-05-13,Miguel Hidalgo,837.0,49.0
1270,2020-05-13,La Magdalena Contreras,992.0,43.0
1271,2020-05-13,Milpa Alta,684.0,38.0
1272,2020-05-13,Iztacalco,2590.0,106.0
1273,2020-05-13,Cuauhtémoc,1141.0,72.0
1274,2020-05-13,Coyoacán,1694.0,71.0
1275,2020-05-13,Benito Juárez,1071.0,44.0
1276,2020-05-13,Iztapalapa,3739.0,198.0
1277,2020-05-13,Tlalpan,1668.0,84.0
1278,2020-05-13,Álvaro Obregón,1241.0,66.0
1279,2020-05-13,Tláhuac,943.0,55.0
1280,2020-05-14,Tlalpan,1773.0,105.0
1281,2020-05-14,Tláhuac,1013.0,70.0
1282,2020-05-14,Cuauhtémoc,1189.0,48.0
1283,2020-05-14,Miguel Hidalgo,867.0,30.0
1284,2020-05-14,Gustavo A. Madero,3570.0,163.0
1285,2020-05-14,Xochimilco,1550.0,68.0
1286,2020-05-14,Azcapotzalco,2933.0,143.0
1287,2020-05-14,Venustiano Carranza,1365.0,68.0
1288,2020-05-14,La Magdalena Contreras,1046.0,54.0
1289,2020-05-14,Milpa Alta,708.0,24.0
1290,2020-05-14,Iztacalco,2705.0,115.0
1291,2020-05-14,Coyoacán,1750.0,56.0
1292,2020-05-14,Benito Juárez,1126.0,55.0
1293,2020-05-14,Iztapalapa,3908.0,169.0
1294,2020-05-14,Álvaro Obregón,1310.0,69.0
1295,2020-05-14,Cuajimalpa de Morelos,3655.0,131.0
1296,2020-05-15,Cuauhtémoc,1256.0,67.0
1297,2020-05-15,Iztacalco,2852.0,147.0
1298,2020-05-15,Álvaro Obregón,1369.0,59.0
1299,2020-05-15,Tlalpan,1865.0,92.0
1300,2020-05-15,Iztapalapa,4117.0,209.0
1301,2020-05-15,Benito Juárez,1184.0,58.0
1302,2020-05-15,Coyoacán,1830.0,80.0
1303,2020-05-15,Miguel Hidalgo,908.0,41.0
1304,2020-05-15,Cuajimalpa de Morelos,3788.0,133.0
1305,2020-05-15,Gustavo A. Madero,3727.0,157.0
1306,2020-05-15,Milpa Alta,748.0,40.0
1307,2020-05-15,La Magdalena Contreras,1084.0,38.0
1308,2020-05-15,Venustiano Carranza,1462.0,97.0
1309,2020-05-15,Azcapotzalco,3107.0,174.0
1310,2020-05-15,Tláhuac,1089.0,76.0
1311,2020-05-15,Xochimilco,1660.0,110.0
1312,2020-05-16,Tlalpan,1917.0,52.0
1313,2020-05-16,Álvaro Obregón,1412.0,43.0
1314,2020-05-16,Milpa Alta,775.0,27.0
1315,2020-05-16,Tláhuac,1133.0,44.0
1316,2020-05-16,Iztapalapa,4244.0,127.0
1317,2020-05-16,Benito Juárez,1230.0,46.0
1318,2020-05-16,Coyoacán,1895.0,65.0
1319,2020-05-16,Cuajimalpa de Morelos,3854.0,66.0
1320,2020-05-16,Iztacalco,2924.0,72.0
1321,2020-05-16,La Magdalena Contreras,1101.0,17.0
1322,2020-05-16,Venustiano Carranza,1510.0,48.0
1323,2020-05-16,Azcapotzalco,3192.0,85.0
1324,2020-05-16,Xochimilco,1739.0,79.0
1325,2020-05-16,Gustavo A. Madero,3801.0,74.0
1326,2020-05-16,Miguel Hidalgo,950.0,42.0
1327,2020-05-16,Cuauhtémoc,1298.0,42.0
1328,2020-05-17,Iztapalapa,4320.0,76.0
1329,2020-05-17,Benito Juárez,1266.0,36.0
1330,2020-05-17,Tláhuac,1172.0,39.0
1331,2020-05-17,Cuauhtémoc,1331.0,33.0
1332,2020-05-17,Miguel Hidalgo,975.0,25.0
1333,2020-05-17,Gustavo A. Madero,3862.0,61.0
1334,2020-05-17,Xochimilco,1790.0,51.0
1335,2020-05-17,Azcapotzalco,3263.0,71.0
1336,2020-05-17,Venustiano Carranza,1551.0,41.0
1337,2020-05-17,Tlalpan,1960.0,43.0
1338,2020-05-17,Milpa Alta,794.0,19.0
1339,2020-05-17,Iztacalco,2986.0,62.0
1340,2020-05-17,Cuajimalpa de Morelos,3929.0,75.0
1341,2020-05-17,Coyoacán,1925.0,30.0
1342,2020-05-17,Álvaro Obregón,1447.0,35.0
1343,2020-05-17,La Magdalena Contreras,1115.0,14.0
1344,2020-05-18,Xochimilco,1898.0,108.0
1345,2020-05-18,Tláhuac,1253.0,81.0
1346,2020-05-18,Gustavo A. Madero,4065.0,203.0
1347,2020-05-18,Miguel Hidalgo,1034.0,59.0
1348,2020-05-18,Cuauhtémoc,1403.0,72.0
1349,2020-05-18,Álvaro Obregón,1535.0,88.0
1350,2020-05-18,Iztapalapa,4559.0,239.0
1351,2020-05-18,Benito Juárez,1340.0,74.0
1352,2020-05-18,Tlalpan,2076.0,116.0
1353,2020-05-18,Cuajimalpa de Morelos,4066.0,137.0
1354,2020-05-18,Iztacalco,3121.0,135.0
1355,2020-05-18,Milpa Alta,840.0,46.0
1356,2020-05-18,La Magdalena Contreras,1161.0,46.0
1357,2020-05-18,Venustiano Carranza,1637.0,86.0
1358,2020-05-18,Azcapotzalco,3498.0,235.0
1359,2020-05-18,Coyoacán,2027.0,102.0
1360,2020-05-19,Milpa Alta,904.0,64.0
1361,2020-05-19,Iztapalapa,4784.0,225.0
1362,2020-05-19,Benito Juárez,1422.0,82.0
1363,2020-05-19,Coyoacán,2108.0,81.0
1364,2020-05-19,Cuajimalpa de Morelos,4199.0,133.0
1365,2020-05-19,Iztacalco,3244.0,123.0
1366,2020-05-19,La Magdalena Contreras,1197.0,36.0
1367,2020-05-19,Miguel Hidalgo,1087.0,53.0
1368,2020-05-19,Azcapotzalco,3689.0,191.0
1369,2020-05-19,Xochimilco,1989.0,91.0
1370,2020-05-19,Gustavo A. Madero,4262.0,197.0
1371,2020-05-19,Tlalpan,2171.0,95.0
1372,2020-05-19,Cuauhtémoc,1467.0,64.0
1373,2020-05-19,Tláhuac,1327.0,74.0
1374,2020-05-19,Venustiano Carranza,1738.0,101.0
1375,2020-05-19,Álvaro Obregón,1619.0,84.0
1376,2020-05-20,Tláhuac,1415.0,88.0
1377,2020-05-20,Álvaro Obregón,1693.0,74.0
1378,2020-05-20,Cuauhtémoc,1556.0,89.0
1379,2020-05-20,Miguel Hidalgo,1138.0,51.0
1380,2020-05-20,Gustavo A. Madero,4471.0,209.0
1381,2020-05-20,Xochimilco,2089.0,100.0
1382,2020-05-20,Venustiano Carranza,1834.0,96.0
1383,2020-05-20,La Magdalena Contreras,1233.0,36.0
1384,2020-05-20,Milpa Alta,969.0,65.0
1385,2020-05-20,Azcapotzalco,3909.0,220.0
1386,2020-05-20,Cuajimalpa de Morelos,4356.0,157.0
1387,2020-05-20,Coyoacán,2194.0,86.0
1388,2020-05-20,Benito Juárez,1481.0,59.0
1389,2020-05-20,Iztapalapa,5017.0,233.0
1390,2020-05-20,Tlalpan,2276.0,105.0
1391,2020-05-20,Iztacalco,3367.0,123.0
1392,2020-05-21,Iztacalco,3487.0,120.0
1393,2020-05-21,Álvaro Obregón,1777.0,84.0
1394,2020-05-21,Tlalpan,2371.0,95.0
1395,2020-05-21,Iztapalapa,5229.0,212.0
1396,2020-05-21,Benito Juárez,1535.0,54.0
1397,2020-05-21,Coyoacán,2273.0,79.0
1398,2020-05-21,Cuajimalpa de Morelos,4492.0,136.0
1399,2020-05-21,Milpa Alta,1029.0,60.0
1400,2020-05-21,Tláhuac,1509.0,94.0
1401,2020-05-21,Venustiano Carranza,1923.0,89.0
1402,2020-05-21,Azcapotzalco,4166.0,257.0
1403,2020-05-21,Xochimilco,2182.0,93.0
1404,2020-05-21,Gustavo A. Madero,4639.0,168.0
1405,2020-05-21,Miguel Hidalgo,1183.0,45.0
1406,2020-05-21,La Magdalena Contreras,1293.0,60.0
1407,2020-05-21,Cuauhtémoc,1615.0,59.0
1408,2020-05-22,Miguel Hidalgo,1230.0,47.0
1409,2020-05-22,Gustavo A. Madero,4796.0,157.0
1410,2020-05-22,Xochimilco,2304.0,122.0
1411,2020-05-22,Azcapotzalco,4392.0,226.0
1412,2020-05-22,Venustiano Carranza,2002.0,79.0
1413,2020-05-22,La Magdalena Contreras,1327.0,34.0
1414,2020-05-22,Iztacalco,3629.0,142.0
1415,2020-05-22,Tláhuac,1570.0,61.0
1416,2020-05-22,Cuajimalpa de Morelos,4622.0,130.0
1417,2020-05-22,Coyoacán,2365.0,92.0
1418,2020-05-22,Benito Juárez,1609.0,74.0
1419,2020-05-22,Iztapalapa,5413.0,184.0
1420,2020-05-22,Tlalpan,2487.0,116.0
1421,2020-05-22,Álvaro Obregón,1841.0,64.0
1422,2020-05-22,Milpa Alta,1079.0,50.0
1423,2020-05-22,Cuauhtémoc,1701.0,86.0
1424,2020-05-23,Xochimilco,2353.0,49.0
1425,2020-05-23,Azcapotzalco,4478.0,86.0
1426,2020-05-23,Venustiano Carranza,2041.0,39.0
1427,2020-05-23,La Magdalena Contreras,1354.0,27.0
1428,2020-05-23,Milpa Alta,1116.0,37.0
1429,2020-05-23,Iztacalco,3691.0,62.0
1430,2020-05-23,Cuajimalpa de Morelos,4683.0,61.0
1431,2020-05-23,Coyoacán,2416.0,51.0
1432,2020-05-23,Benito Juárez,1659.0,50.0
1433,2020-05-23,Iztapalapa,5518.0,105.0
1434,2020-05-23,Tlalpan,2527.0,40.0
1435,2020-05-23,Miguel Hidalgo,1256.0,26.0
1436,2020-05-23,Álvaro Obregón,1902.0,61.0
1437,2020-05-23,Tláhuac,1612.0,42.0
1438,2020-05-23,Gustavo A. Madero,4880.0,84.0
1439,2020-05-23,Cuauhtémoc,1732.0,31.0
1440,2020-05-24,Álvaro Obregón,1935.0,33.0
1441,2020-05-24,Xochimilco,2399.0,46.0
1442,2020-05-24,Tláhuac,1628.0,16.0
1443,2020-05-24,Cuauhtémoc,1763.0,31.0
1444,2020-05-24,Miguel Hidalgo,1273.0,17.0
1445,2020-05-24,Gustavo A. Madero,4953.0,73.0
1446,2020-05-24,Azcapotzalco,4578.0,100.0
1447,2020-05-24,Venustiano Carranza,2069.0,28.0
1448,2020-05-24,La Magdalena Contreras,1362.0,8.0
1449,2020-05-24,Iztacalco,3753.0,62.0
1450,2020-05-24,Cuajimalpa de Morelos,4756.0,73.0
1451,2020-05-24,Coyoacán,2450.0,34.0
1452,2020-05-24,Benito Juárez,1693.0,34.0
1453,2020-05-24,Iztapalapa,5606.0,88.0
1454,2020-05-24,Tlalpan,2582.0,55.0
1455,2020-05-24,Milpa Alta,1130.0,14.0
1456,2020-05-25,Cuajimalpa de Morelos,4901.0,145.0
1457,2020-05-25,Iztacalco,3873.0,120.0
1458,2020-05-25,Coyoacán,2556.0,106.0
1459,2020-05-25,Iztapalapa,5795.0,189.0
1460,2020-05-25,Tlalpan,2719.0,137.0
1461,2020-05-25,Álvaro Obregón,2026.0,91.0
1462,2020-05-25,Milpa Alta,1202.0,72.0
1463,2020-05-25,Benito Juárez,1773.0,80.0
1464,2020-05-25,La Magdalena Contreras,1412.0,50.0
1465,2020-05-25,Cuauhtémoc,1860.0,97.0
1466,2020-05-25,Azcapotzalco,4766.0,188.0
1467,2020-05-25,Xochimilco,2517.0,118.0
1468,2020-05-25,Gustavo A. Madero,5152.0,199.0
1469,2020-05-25,Miguel Hidalgo,1339.0,66.0
1470,2020-05-25,Tláhuac,1726.0,98.0
1471,2020-05-25,Venustiano Carranza,2169.0,100.0
1472,2020-05-26,Cuajimalpa de Morelos,5069.0,168.0
1473,2020-05-26,Tlalpan,2857.0,138.0
1474,2020-05-26,Álvaro Obregón,2116.0,90.0
1475,2020-05-26,Iztapalapa,5981.0,186.0
1476,2020-05-26,Benito Juárez,1847.0,74.0
1477,2020-05-26,Coyoacán,2661.0,105.0
1478,2020-05-26,Iztacalco,4024.0,151.0
1479,2020-05-26,Tláhuac,1810.0,84.0
1480,2020-05-26,La Magdalena Contreras,1461.0,49.0
1481,2020-05-26,Milpa Alta,1265.0,63.0
1482,2020-05-26,Miguel Hidalgo,1384.0,45.0
1483,2020-05-26,Gustavo A. Madero,5324.0,172.0
1484,2020-05-26,Cuauhtémoc,1937.0,77.0
1485,2020-05-26,Azcapotzalco,4942.0,176.0
1486,2020-05-26,Venustiano Carranza,2254.0,85.0
1487,2020-05-26,Xochimilco,2616.0,99.0
1488,2020-05-27,Álvaro Obregón,2196.0,80.0
1489,2020-05-27,Tlalpan,3010.0,153.0
1490,2020-05-27,Iztapalapa,6168.0,187.0
1491,2020-05-27,Benito Juárez,1927.0,80.0
1492,2020-05-27,Coyoacán,2768.0,107.0
1493,2020-05-27,Cuajimalpa de Morelos,5252.0,183.0
1494,2020-05-27,Iztacalco,4137.0,113.0
1495,2020-05-27,Venustiano Carranza,2362.0,108.0
1496,2020-05-27,Azcapotzalco,5148.0,206.0
1497,2020-05-27,Gustavo A. Madero,5491.0,167.0
1498,2020-05-27,Miguel Hidalgo,1424.0,40.0
1499,2020-05-27,Cuauhtémoc,2005.0,68.0
1500,2020-05-27,Tláhuac,1912.0,102.0
1501,2020-05-27,Milpa Alta,1328.0,63.0
1502,2020-05-27,Xochimilco,2742.0,126.0
1503,2020-05-27,La Magdalena Contreras,1518.0,57.0
1504,2020-05-28,Miguel Hidalgo,1461.0,37.0
1505,2020-05-28,Azcapotzalco,5325.0,177.0
1506,2020-05-28,Venustiano Carranza,2448.0,86.0
1507,2020-05-28,La Magdalena Contreras,1574.0,56.0
1508,2020-05-28,Milpa Alta,1379.0,51.0
1509,2020-05-28,Iztacalco,4253.0,116.0
1510,2020-05-28,Cuajimalpa de Morelos,5417.0,165.0
1511,2020-05-28,Gustavo A. Madero,5662.0,171.0
1512,2020-05-28,Coyoacán,2863.0,95.0
1513,2020-05-28,Iztapalapa,6338.0,170.0
1514,2020-05-28,Tlalpan,3142.0,132.0
1515,2020-05-28,Álvaro Obregón,2286.0,90.0
1516,2020-05-28,Cuauhtémoc,2096.0,91.0
1517,2020-05-28,Tláhuac,1982.0,70.0
1518,2020-05-28,Benito Juárez,1977.0,50.0
1519,2020-05-28,Xochimilco,2832.0,90.0
1520,2020-05-29,Álvaro Obregón,2388.0,102.0
1521,2020-05-29,Tlalpan,3277.0,135.0
1522,2020-05-29,Cuauhtémoc,2177.0,81.0
1523,2020-05-29,Benito Juárez,2050.0,73.0
1524,2020-05-29,Coyoacán,2963.0,100.0
1525,2020-05-29,Tláhuac,2050.0,68.0
1526,2020-05-29,Iztacalco,4376.0,123.0
1527,2020-05-29,Milpa Alta,1438.0,59.0
1528,2020-05-29,La Magdalena Contreras,1610.0,36.0
1529,2020-05-29,Cuajimalpa de Morelos,5552.0,135.0
1530,2020-05-29,Iztapalapa,6520.0,182.0
1531,2020-05-29,Azcapotzalco,5499.0,174.0
1532,2020-05-29,Xochimilco,2955.0,123.0
1533,2020-05-29,Gustavo A. Madero,5835.0,173.0
1534,2020-05-29,Miguel Hidalgo,1513.0,52.0
1535,2020-05-29,Venustiano Carranza,2559.0,111.0
1536,2020-05-30,Álvaro Obregón,2439.0,51.0
1537,2020-05-30,Tlalpan,3339.0,62.0
1538,2020-05-30,Iztapalapa,6640.0,120.0
1539,2020-05-30,Benito Juárez,2100.0,50.0
1540,2020-05-30,Coyoacán,3014.0,51.0
1541,2020-05-30,Cuajimalpa de Morelos,5652.0,100.0
1542,2020-05-30,Milpa Alta,1472.0,34.0
1543,2020-05-30,Iztacalco,4480.0,104.0
1544,2020-05-30,Venustiano Carranza,2601.0,42.0
1545,2020-05-30,La Magdalena Contreras,1638.0,28.0
1546,2020-05-30,Cuauhtémoc,2206.0,29.0
1547,2020-05-30,Miguel Hidalgo,1546.0,33.0
1548,2020-05-30,Tláhuac,2124.0,74.0
1549,2020-05-30,Xochimilco,3011.0,56.0
1550,2020-05-30,Azcapotzalco,5613.0,114.0
1551,2020-05-30,Gustavo A. Madero,5933.0,98.0
1552,2020-05-31,Álvaro Obregón,2470.0,31.0
1553,2020-05-31,Tlalpan,3387.0,48.0
1554,2020-05-31,Iztapalapa,6756.0,116.0
1555,2020-05-31,Benito Juárez,2138.0,38.0
1556,2020-05-31,Coyoacán,3043.0,29.0
1557,2020-05-31,Cuajimalpa de Morelos,5735.0,83.0
1558,2020-05-31,Iztacalco,4537.0,57.0
1559,2020-05-31,Milpa Alta,1510.0,38.0
1560,2020-05-31,Azcapotzalco,5702.0,89.0
1561,2020-05-31,Xochimilco,3061.0,50.0
1562,2020-05-31,Gustavo A. Madero,6000.0,67.0
1563,2020-05-31,Miguel Hidalgo,1560.0,14.0
1564,2020-05-31,Tláhuac,2160.0,36.0
1565,2020-05-31,Cuauhtémoc,2245.0,39.0
1566,2020-05-31,La Magdalena Contreras,1652.0,14.0
1567,2020-05-31,Venustiano Carranza,2624.0,23.0
1568,2020-06-01,Cuauhtémoc,2369.0,124.0
1569,2020-06-01,Tláhuac,2257.0,97.0
1570,2020-06-01,Álvaro Obregón,2565.0,95.0
1571,2020-06-01,Miguel Hidalgo,1603.0,43.0
1572,2020-06-01,Gustavo A. Madero,6219.0,219.0
1573,2020-06-01,Xochimilco,3201.0,140.0
1574,2020-06-01,Venustiano Carranza,2721.0,97.0
1575,2020-06-01,La Magdalena Contreras,1712.0,60.0
1576,2020-06-01,Milpa Alta,1606.0,96.0
1577,2020-06-01,Azcapotzalco,5932.0,230.0
1578,2020-06-01,Cuajimalpa de Morelos,5895.0,160.0
1579,2020-06-01,Coyoacán,3158.0,115.0
1580,2020-06-01,Benito Juárez,2220.0,82.0
1581,2020-06-01,Iztapalapa,6988.0,232.0
1582,2020-06-01,Tlalpan,3503.0,116.0
1583,2020-06-01,Iztacalco,4692.0,155.0
1584,2020-06-02,Cuajimalpa de Morelos,6035.0,140.0
1585,2020-06-02,Álvaro Obregón,2674.0,109.0
1586,2020-06-02,Tlalpan,3608.0,105.0
1587,2020-06-02,Iztapalapa,7185.0,197.0
1588,2020-06-02,Benito Juárez,2289.0,69.0
1589,2020-06-02,Coyoacán,3254.0,96.0
1590,2020-06-02,Iztacalco,4806.0,114.0
1591,2020-06-02,Milpa Alta,1688.0,82.0
1592,2020-06-02,Venustiano Carranza,2821.0,100.0
1593,2020-06-02,Azcapotzalco,6143.0,211.0
1594,2020-06-02,Xochimilco,3298.0,97.0
1595,2020-06-02,Gustavo A. Madero,6442.0,223.0
1596,2020-06-02,Miguel Hidalgo,1648.0,45.0
1597,2020-06-02,Cuauhtémoc,2452.0,83.0
1598,2020-06-02,La Magdalena Contreras,1759.0,47.0
1599,2020-06-02,Tláhuac,2338.0,81.0
1600,2020-06-03,Cuauhtémoc,2534.0,82.0
1601,2020-06-03,Miguel Hidalgo,1702.0,54.0
1602,2020-06-03,Gustavo A. Madero,6674.0,232.0
1603,2020-06-03,Xochimilco,3397.0,99.0
1604,2020-06-03,Azcapotzalco,6342.0,199.0
1605,2020-06-03,Venustiano Carranza,2909.0,88.0
1606,2020-06-03,La Magdalena Contreras,1807.0,48.0
1607,2020-06-03,Coyoacán,3344.0,90.0
1608,2020-06-03,Cuajimalpa de Morelos,6157.0,122.0
1609,2020-06-03,Benito Juárez,2360.0,71.0
1610,2020-06-03,Iztapalapa,7365.0,180.0
1611,2020-06-03,Tlalpan,3738.0,130.0
1612,2020-06-03,Álvaro Obregón,2773.0,99.0
1613,2020-06-03,Milpa Alta,1753.0,65.0
1614,2020-06-03,Tláhuac,2470.0,132.0
1615,2020-06-03,Iztacalco,4947.0,141.0
1616,2020-06-04,Miguel Hidalgo,1740.0,38.0
1617,2020-06-04,Tláhuac,2574.0,104.0
1618,2020-06-04,Cuauhtémoc,2611.0,77.0
1619,2020-06-04,Gustavo A. Madero,6864.0,190.0
1620,2020-06-04,Xochimilco,3536.0,139.0
1621,2020-06-04,Venustiano Carranza,3001.0,92.0
1622,2020-06-04,La Magdalena Contreras,1857.0,50.0
1623,2020-06-04,Milpa Alta,1805.0,52.0
1624,2020-06-04,Azcapotzalco,6579.0,237.0
1625,2020-06-04,Cuajimalpa de Morelos,6297.0,140.0
1626,2020-06-04,Coyoacán,3442.0,98.0
1627,2020-06-04,Benito Juárez,2434.0,74.0
1628,2020-06-04,Iztapalapa,7555.0,190.0
1629,2020-06-04,Tlalpan,3854.0,116.0
1630,2020-06-04,Álvaro Obregón,2875.0,102.0
1631,2020-06-04,Iztacalco,5080.0,133.0
1632,2020-06-05,La Magdalena Contreras,1896.0,39.0
1633,2020-06-05,Miguel Hidalgo,1787.0,47.0
1634,2020-06-05,Gustavo A. Madero,7052.0,188.0
1635,2020-06-05,Xochimilco,3654.0,118.0
1636,2020-06-05,Azcapotzalco,6786.0,207.0
1637,2020-06-05,Venustiano Carranza,3107.0,106.0
1638,2020-06-05,Milpa Alta,1881.0,76.0
1639,2020-06-05,Tlalpan,4000.0,146.0
1640,2020-06-05,Cuajimalpa de Morelos,6446.0,149.0
1641,2020-06-05,Coyoacán,3566.0,124.0
1642,2020-06-05,Benito Juárez,2514.0,80.0
1643,2020-06-05,Iztapalapa,7758.0,203.0
1644,2020-06-05,Tláhuac,2719.0,145.0
1645,2020-06-05,Cuauhtémoc,2699.0,88.0
1646,2020-06-05,Iztacalco,5214.0,134.0
1647,2020-06-05,Álvaro Obregón,2955.0,80.0
1648,2020-06-06,Álvaro Obregón,3023.0,68.0
1649,2020-06-06,Iztapalapa,7862.0,104.0
1650,2020-06-06,Benito Juárez,2552.0,38.0
1651,2020-06-06,Tláhuac,2796.0,77.0
1652,2020-06-06,Cuauhtémoc,2736.0,37.0
1653,2020-06-06,Miguel Hidalgo,1811.0,24.0
1654,2020-06-06,Gustavo A. Madero,7136.0,84.0
1655,2020-06-06,Xochimilco,3748.0,94.0
1656,2020-06-06,Azcapotzalco,6904.0,118.0
1657,2020-06-06,Venustiano Carranza,3153.0,46.0
1658,2020-06-06,La Magdalena Contreras,1922.0,26.0
1659,2020-06-06,Milpa Alta,1914.0,33.0
1660,2020-06-06,Iztacalco,5312.0,98.0
1661,2020-06-06,Cuajimalpa de Morelos,6542.0,96.0
1662,2020-06-06,Coyoacán,3638.0,72.0
1663,2020-06-06,Tlalpan,4074.0,74.0
1664,2020-06-07,Iztapalapa,7962.0,100.0
1665,2020-06-07,Benito Juárez,2596.0,44.0
1666,2020-06-07,Tlalpan,4125.0,51.0
1667,2020-06-07,Coyoacán,3669.0,31.0
1668,2020-06-07,Cuajimalpa de Morelos,6650.0,108.0
1669,2020-06-07,Iztacalco,5375.0,63.0
1670,2020-06-07,Milpa Alta,1961.0,47.0
1671,2020-06-07,La Magdalena Contreras,1939.0,17.0
1672,2020-06-07,Venustiano Carranza,3191.0,38.0
1673,2020-06-07,Xochimilco,3804.0,56.0
1674,2020-06-07,Gustavo A. Madero,7215.0,79.0
1675,2020-06-07,Miguel Hidalgo,1843.0,32.0
1676,2020-06-07,Cuauhtémoc,2766.0,30.0
1677,2020-06-07,Tláhuac,2831.0,35.0
1678,2020-06-07,Álvaro Obregón,3071.0,48.0
1679,2020-06-07,Azcapotzalco,6999.0,95.0
1680,2020-06-08,Miguel Hidalgo,1891.0,48.0
1681,2020-06-08,Cuauhtémoc,2877.0,111.0
1682,2020-06-08,Xochimilco,3943.0,139.0
1683,2020-06-08,Azcapotzalco,7251.0,252.0
1684,2020-06-08,Venustiano Carranza,3313.0,122.0
1685,2020-06-08,La Magdalena Contreras,2002.0,63.0
1686,2020-06-08,Milpa Alta,2066.0,105.0
1687,2020-06-08,Iztacalco,5550.0,175.0
1688,2020-06-08,Cuajimalpa de Morelos,6838.0,188.0
1689,2020-06-08,Coyoacán,3813.0,144.0
1690,2020-06-08,Benito Juárez,2685.0,89.0
1691,2020-06-08,Iztapalapa,8190.0,228.0
1692,2020-06-08,Tlalpan,4294.0,169.0
1693,2020-06-08,Álvaro Obregón,3184.0,113.0
1694,2020-06-08,Tláhuac,2934.0,103.0
1695,2020-06-08,Gustavo A. Madero,7411.0,196.0
1696,2020-06-09,Venustiano Carranza,3428.0,115.0
1697,2020-06-09,Xochimilco,4081.0,138.0
1698,2020-06-09,Álvaro Obregón,3309.0,125.0
1699,2020-06-09,Tláhuac,3051.0,117.0
1700,2020-06-09,Cuauhtémoc,3013.0,136.0
1701,2020-06-09,Miguel Hidalgo,1944.0,53.0
1702,2020-06-09,Gustavo A. Madero,7633.0,222.0
1703,2020-06-09,Azcapotzalco,7493.0,242.0
1704,2020-06-09,Milpa Alta,2153.0,87.0
1705,2020-06-09,La Magdalena Contreras,2057.0,55.0
1706,2020-06-09,Cuajimalpa de Morelos,7034.0,196.0
1707,2020-06-09,Coyoacán,3933.0,120.0
1708,2020-06-09,Benito Juárez,2757.0,72.0
1709,2020-06-09,Iztapalapa,8392.0,202.0
1710,2020-06-09,Tlalpan,4446.0,152.0
1711,2020-06-09,Iztacalco,5691.0,141.0
1712,2020-06-10,Azcapotzalco,7756.0,263.0
1713,2020-06-10,Venustiano Carranza,3557.0,129.0
1714,2020-06-10,Xochimilco,4211.0,130.0
1715,2020-06-10,Cuauhtémoc,3100.0,87.0
1716,2020-06-10,Miguel Hidalgo,2008.0,64.0
1717,2020-06-10,La Magdalena Contreras,2116.0,59.0
1718,2020-06-10,Gustavo A. Madero,7828.0,195.0
1719,2020-06-10,Milpa Alta,2241.0,88.0
1720,2020-06-10,Tláhuac,3154.0,103.0
1721,2020-06-10,Cuajimalpa de Morelos,7245.0,211.0
1722,2020-06-10,Coyoacán,4078.0,145.0
1723,2020-06-10,Benito Juárez,2833.0,76.0
1724,2020-06-10,Iztapalapa,8593.0,201.0
1725,2020-06-10,Tlalpan,4596.0,150.0
1726,2020-06-10,Álvaro Obregón,3415.0,106.0
1727,2020-06-10,Iztacalco,5838.0,147.0
1728,2020-06-11,Cuauhtémoc,3171.0,71.0
1729,2020-06-11,Miguel Hidalgo,2054.0,46.0
1730,2020-06-11,Gustavo A. Madero,8021.0,193.0
1731,2020-06-11,Xochimilco,4316.0,105.0
1732,2020-06-11,Azcapotzalco,7993.0,237.0
1733,2020-06-11,Venustiano Carranza,3676.0,119.0
1734,2020-06-11,La Magdalena Contreras,2165.0,49.0
1735,2020-06-11,Cuajimalpa de Morelos,7432.0,187.0
1736,2020-06-11,Iztacalco,5991.0,153.0
1737,2020-06-11,Coyoacán,4202.0,124.0
1738,2020-06-11,Benito Juárez,2905.0,72.0
1739,2020-06-11,Iztapalapa,8772.0,179.0
1740,2020-06-11,Tlalpan,4749.0,153.0
1741,2020-06-11,Álvaro Obregón,3525.0,110.0
1742,2020-06-11,Milpa Alta,2320.0,79.0
1743,2020-06-11,Tláhuac,3269.0,115.0
1744,2020-06-12,Gustavo A. Madero,8207.0,186.0
1745,2020-06-12,Tláhuac,3430.0,161.0
1746,2020-06-12,Miguel Hidalgo,2098.0,44.0
1747,2020-06-12,Álvaro Obregón,3653.0,128.0
1748,2020-06-12,Tlalpan,4895.0,146.0
1749,2020-06-12,Iztapalapa,8991.0,219.0
1750,2020-06-12,Benito Juárez,2995.0,90.0
1751,2020-06-12,Coyoacán,4309.0,107.0
1752,2020-06-12,Cuauhtémoc,3277.0,106.0
1753,2020-06-12,Iztacalco,6174.0,183.0
1754,2020-06-12,Milpa Alta,2407.0,87.0
1755,2020-06-12,La Magdalena Contreras,2230.0,65.0
1756,2020-06-12,Venustiano Carranza,3791.0,115.0
1757,2020-06-12,Azcapotzalco,8172.0,179.0
1758,2020-06-12,Xochimilco,4453.0,137.0
1759,2020-06-12,Cuajimalpa de Morelos,7647.0,215.0
1760,2020-06-13,Tlalpan,4967.0,72.0
1761,2020-06-13,Iztapalapa,9081.0,90.0
1762,2020-06-13,Benito Juárez,3037.0,42.0
1763,2020-06-13,Coyoacán,4357.0,48.0
1764,2020-06-13,Cuajimalpa de Morelos,7758.0,111.0
1765,2020-06-13,Iztacalco,6267.0,93.0
1766,2020-06-13,Milpa Alta,2456.0,49.0
1767,2020-06-13,Azcapotzalco,8287.0,115.0
1768,2020-06-13,Venustiano Carranza,3835.0,44.0
1769,2020-06-13,Xochimilco,4521.0,68.0
1770,2020-06-13,Gustavo A. Madero,8285.0,78.0
1771,2020-06-13,Álvaro Obregón,3711.0,58.0
1772,2020-06-13,Cuauhtémoc,3303.0,26.0
1773,2020-06-13,Tláhuac,3472.0,42.0
1774,2020-06-13,La Magdalena Contreras,2251.0,21.0
1775,2020-06-13,Miguel Hidalgo,2121.0,23.0
1776,2020-06-14,Cuauhtémoc,3335.0,32.0
1777,2020-06-14,Álvaro Obregón,3748.0,37.0
1778,2020-06-14,Miguel Hidalgo,2148.0,27.0
1779,2020-06-14,Gustavo A. Madero,8356.0,71.0
1780,2020-06-14,Xochimilco,4575.0,54.0
1781,2020-06-14,Azcapotzalco,8404.0,117.0
1782,2020-06-14,Venustiano Carranza,3881.0,46.0
1783,2020-06-14,La Magdalena Contreras,2292.0,41.0
1784,2020-06-14,Milpa Alta,2513.0,57.0
1785,2020-06-14,Iztacalco,6324.0,57.0
1786,2020-06-14,Cuajimalpa de Morelos,7859.0,101.0
1787,2020-06-14,Coyoacán,4399.0,42.0
1788,2020-06-14,Benito Juárez,3073.0,36.0
1789,2020-06-14,Iztapalapa,9164.0,83.0
1790,2020-06-14,Tlalpan,4999.0,32.0
1791,2020-06-14,Tláhuac,3526.0,54.0
1792,2020-06-15,Álvaro Obregón,3870.0,122.0
1793,2020-06-15,Miguel Hidalgo,2214.0,66.0
1794,2020-06-15,Gustavo A. Madero,8577.0,221.0
1795,2020-06-15,Xochimilco,4681.0,106.0
1796,2020-06-15,Azcapotzalco,8661.0,257.0
1797,2020-06-15,Venustiano Carranza,4005.0,124.0
1798,2020-06-15,La Magdalena Contreras,2379.0,87.0
1799,2020-06-15,Milpa Alta,2589.0,76.0
1800,2020-06-15,Iztacalco,6490.0,166.0
1801,2020-06-15,Cuajimalpa de Morelos,8093.0,234.0
1802,2020-06-15,Coyoacán,4566.0,167.0
1803,2020-06-15,Benito Juárez,3182.0,109.0
1804,2020-06-15,Iztapalapa,9374.0,210.0
1805,2020-06-15,Tlalpan,5129.0,130.0
1806,2020-06-15,Tláhuac,3629.0,103.0
1807,2020-06-15,Cuauhtémoc,3423.0,88.0
1808,2020-06-16,Tláhuac,3760.0,131.0
1809,2020-06-16,Iztacalco,6635.0,145.0
1810,2020-06-16,Álvaro Obregón,4001.0,131.0
1811,2020-06-16,Tlalpan,5277.0,148.0
1812,2020-06-16,Iztapalapa,9652.0,278.0
1813,2020-06-16,Benito Juárez,3266.0,84.0
1814,2020-06-16,Coyoacán,4694.0,128.0
1815,2020-06-16,Cuajimalpa de Morelos,8290.0,197.0
1816,2020-06-16,Milpa Alta,2685.0,96.0
1817,2020-06-16,La Magdalena Contreras,2443.0,64.0
1818,2020-06-16,Venustiano Carranza,4129.0,124.0
1819,2020-06-16,Azcapotzalco,8910.0,249.0
1820,2020-06-16,Xochimilco,4788.0,107.0
1821,2020-06-16,Gustavo A. Madero,8788.0,211.0
1822,2020-06-16,Cuauhtémoc,3512.0,89.0
1823,2020-06-16,Miguel Hidalgo,2277.0,63.0
1824,2020-06-17,Cuauhtémoc,3597.0,85.0
1825,2020-06-17,Miguel Hidalgo,2325.0,48.0
1826,2020-06-17,Tlalpan,5439.0,162.0
1827,2020-06-17,Álvaro Obregón,4111.0,110.0
1828,2020-06-17,Gustavo A. Madero,8954.0,166.0
1829,2020-06-17,Xochimilco,4911.0,123.0
1830,2020-06-17,Azcapotzalco,9158.0,248.0
1831,2020-06-17,Venustiano Carranza,4213.0,84.0
1832,2020-06-17,La Magdalena Contreras,2513.0,70.0
1833,2020-06-17,Tláhuac,3858.0,98.0
1834,2020-06-17,Iztacalco,6796.0,161.0
1835,2020-06-17,Cuajimalpa de Morelos,8520.0,230.0
1836,2020-06-17,Coyoacán,4824.0,130.0
1837,2020-06-17,Benito Juárez,3340.0,74.0
1838,2020-06-17,Iztapalapa,9853.0,201.0
1839,2020-06-17,Milpa Alta,2771.0,86.0
1840,2020-06-18,Álvaro Obregón,4223.0,112.0
1841,2020-06-18,Tlalpan,5571.0,132.0
1842,2020-06-18,Iztapalapa,10077.0,224.0
1843,2020-06-18,Tláhuac,3991.0,133.0
1844,2020-06-18,Cuauhtémoc,3679.0,82.0
1845,2020-06-18,Miguel Hidalgo,2384.0,59.0
1846,2020-06-18,Azcapotzalco,9408.0,250.0
1847,2020-06-18,Xochimilco,5008.0,97.0
1848,2020-06-18,Venustiano Carranza,4317.0,104.0
1849,2020-06-18,La Magdalena Contreras,2564.0,51.0
1850,2020-06-18,Milpa Alta,2841.0,70.0
1851,2020-06-18,Cuajimalpa de Morelos,8699.0,179.0
1852,2020-06-18,Gustavo A. Madero,9114.0,160.0
1853,2020-06-18,Iztacalco,6927.0,131.0
1854,2020-06-18,Benito Juárez,3455.0,115.0
1855,2020-06-18,Coyoacán,4976.0,152.0
1856,2020-06-19,Tlalpan,5737.0,166.0
1857,2020-06-19,Tláhuac,4102.0,111.0
1858,2020-06-19,Cuauhtémoc,3739.0,60.0
1859,2020-06-19,Miguel Hidalgo,2436.0,52.0
1860,2020-06-19,Gustavo A. Madero,9269.0,155.0
1861,2020-06-19,Xochimilco,5094.0,86.0
1862,2020-06-19,Azcapotzalco,9620.0,212.0
1863,2020-06-19,Venustiano Carranza,4442.0,125.0
1864,2020-06-19,La Magdalena Contreras,2649.0,85.0
1865,2020-06-19,Milpa Alta,2935.0,94.0
1866,2020-06-19,Iztacalco,7065.0,138.0
1867,2020-06-19,Cuajimalpa de Morelos,8911.0,212.0
1868,2020-06-19,Coyoacán,5094.0,118.0
1869,2020-06-19,Benito Juárez,3519.0,64.0
1870,2020-06-19,Iztapalapa,10289.0,212.0
1871,2020-06-19,Álvaro Obregón,4315.0,92.0
1872,2020-06-20,Azcapotzalco,9763.0,143.0
1873,2020-06-20,La Magdalena Contreras,2686.0,37.0
1874,2020-06-20,Venustiano Carranza,4496.0,54.0
1875,2020-06-20,Cuajimalpa de Morelos,9032.0,121.0
1876,2020-06-20,Xochimilco,5178.0,84.0
1877,2020-06-20,Cuauhtémoc,3779.0,40.0
1878,2020-06-20,Tláhuac,4159.0,57.0
1879,2020-06-20,Coyoacán,5166.0,72.0
1880,2020-06-20,Benito Juárez,3557.0,38.0
1881,2020-06-20,Iztapalapa,10371.0,82.0
1882,2020-06-20,Tlalpan,5786.0,49.0
1883,2020-06-20,Gustavo A. Madero,9342.0,73.0
1884,2020-06-20,Álvaro Obregón,4352.0,37.0
1885,2020-06-20,Miguel Hidalgo,2478.0,42.0
1886,2020-06-20,Milpa Alta,2996.0,61.0
1887,2020-06-20,Iztacalco,7169.0,104.0
1888,2020-06-21,Benito Juárez,3582.0,25.0
1889,2020-06-21,Iztapalapa,10430.0,59.0
1890,2020-06-21,Cuajimalpa de Morelos,9127.0,95.0
1891,2020-06-21,Miguel Hidalgo,2496.0,18.0
1892,2020-06-21,Gustavo A. Madero,9405.0,63.0
1893,2020-06-21,Xochimilco,5230.0,52.0
1894,2020-06-21,Azcapotzalco,9838.0,75.0
1895,2020-06-21,La Magdalena Contreras,2711.0,25.0
1896,2020-06-21,Milpa Alta,3039.0,43.0
1897,2020-06-21,Iztacalco,7237.0,68.0
1898,2020-06-21,Coyoacán,5201.0,35.0
1899,2020-06-21,Venustiano Carranza,4529.0,33.0
1900,2020-06-21,Álvaro Obregón,4385.0,33.0
1901,2020-06-21,Tláhuac,4217.0,58.0
1902,2020-06-21,Cuauhtémoc,3808.0,29.0
1903,2020-06-21,Tlalpan,5846.0,60.0
1904,2020-06-22,Tlalpan,5974.0,128.0
1905,2020-06-22,Tláhuac,4353.0,136.0
1906,2020-06-22,Miguel Hidalgo,2553.0,57.0
1907,2020-06-22,Gustavo A. Madero,9557.0,152.0
1908,2020-06-22,Xochimilco,5353.0,123.0
1909,2020-06-22,Azcapotzalco,10063.0,225.0
1910,2020-06-22,Venustiano Carranza,4677.0,148.0
1911,2020-06-22,La Magdalena Contreras,2789.0,78.0
1912,2020-06-22,Milpa Alta,3122.0,83.0
1913,2020-06-22,Iztacalco,7366.0,129.0
1914,2020-06-22,Cuajimalpa de Morelos,9346.0,219.0
1915,2020-06-22,Álvaro Obregón,4479.0,94.0
1916,2020-06-22,Cuauhtémoc,3906.0,98.0
1917,2020-06-22,Iztapalapa,10634.0,204.0
1918,2020-06-22,Benito Juárez,3666.0,84.0
1919,2020-06-22,Coyoacán,5314.0,113.0
1920,2020-06-23,Gustavo A. Madero,9757.0,200.0
1921,2020-06-23,Álvaro Obregón,4579.0,100.0
1922,2020-06-23,Tlalpan,6093.0,119.0
1923,2020-06-23,Iztapalapa,10879.0,245.0
1924,2020-06-23,Benito Juárez,3719.0,53.0
1925,2020-06-23,Xochimilco,5451.0,98.0
1926,2020-06-23,Coyoacán,5416.0,102.0
1927,2020-06-23,Iztacalco,7493.0,127.0
1928,2020-06-23,Milpa Alta,3225.0,103.0
1929,2020-06-23,La Magdalena Contreras,2878.0,89.0
1930,2020-06-23,Venustiano Carranza,4804.0,127.0
1931,2020-06-23,Tláhuac,4455.0,102.0
1932,2020-06-23,Cuauhtémoc,3977.0,71.0
1933,2020-06-23,Azcapotzalco,10272.0,209.0
1934,2020-06-23,Cuajimalpa de Morelos,9530.0,184.0
1935,2020-06-23,Miguel Hidalgo,2586.0,33.0
1936,2020-06-24,Milpa Alta,3275.0,50.0
1937,2020-06-24,Cuauhtémoc,4042.0,65.0
1938,2020-06-24,Tláhuac,4521.0,66.0
1939,2020-06-24,Álvaro Obregón,4678.0,99.0
1940,2020-06-24,Tlalpan,6221.0,128.0
1941,2020-06-24,Iztapalapa,11064.0,185.0
1942,2020-06-24,Coyoacán,5497.0,81.0
1943,2020-06-24,Cuajimalpa de Morelos,9672.0,142.0
1944,2020-06-24,Benito Juárez,3775.0,56.0
1945,2020-06-24,La Magdalena Contreras,2945.0,67.0
1946,2020-06-24,Venustiano Carranza,4907.0,103.0
1947,2020-06-24,Azcapotzalco,10439.0,167.0
1948,2020-06-24,Xochimilco,5531.0,80.0
1949,2020-06-24,Gustavo A. Madero,9937.0,180.0
1950,2020-06-24,Miguel Hidalgo,2629.0,43.0
1951,2020-06-24,Iztacalco,7611.0,118.0
1952,2020-06-25,Cuajimalpa de Morelos,9827.0,155.0
1953,2020-06-25,Álvaro Obregón,4766.0,88.0
1954,2020-06-25,Tlalpan,6335.0,114.0
1955,2020-06-25,Iztapalapa,11198.0,134.0
1956,2020-06-25,Benito Juárez,3833.0,58.0
1957,2020-06-25,Coyoacán,5596.0,99.0
1958,2020-06-25,Iztacalco,7699.0,88.0
1959,2020-06-25,Milpa Alta,3322.0,47.0
1960,2020-06-25,La Magdalena Contreras,3011.0,66.0
1961,2020-06-25,Venustiano Carranza,4981.0,74.0
1962,2020-06-25,Azcapotzalco,10570.0,131.0
1963,2020-06-25,Xochimilco,5607.0,76.0
1964,2020-06-25,Gustavo A. Madero,10120.0,183.0
1965,2020-06-25,Miguel Hidalgo,2662.0,33.0
1966,2020-06-25,Cuauhtémoc,4091.0,49.0
1967,2020-06-25,Tláhuac,4582.0,61.0
1968,2020-06-26,Iztapalapa,11285.0,87.0
1969,2020-06-26,Benito Juárez,3890.0,57.0
1970,2020-06-26,Coyoacán,5684.0,88.0
1971,2020-06-26,Cuajimalpa de Morelos,9906.0,79.0
1972,2020-06-26,Iztacalco,7762.0,63.0
1973,2020-06-26,Milpa Alta,3359.0,37.0
1974,2020-06-26,Xochimilco,5685.0,78.0
1975,2020-06-26,Azcapotzalco,10691.0,121.0
1976,2020-06-26,Tlalpan,6459.0,124.0
1977,2020-06-26,Gustavo A. Madero,10266.0,146.0
1978,2020-06-26,Miguel Hidalgo,2688.0,26.0
1979,2020-06-26,Cuauhtémoc,4129.0,38.0
1980,2020-06-26,Tláhuac,4601.0,19.0
1981,2020-06-26,Venustiano Carranza,5033.0,52.0
1982,2020-06-26,Álvaro Obregón,4809.0,43.0
1983,2020-06-26,La Magdalena Contreras,3073.0,62.0
1984,2020-06-27,Tláhuac,4605.0,4.0
1985,2020-06-27,Miguel Hidalgo,2696.0,8.0
1986,2020-06-27,Gustavo A. Madero,10327.0,61.0
1987,2020-06-27,Xochimilco,5722.0,37.0
1988,2020-06-27,Azcapotzalco,10720.0,29.0
1989,2020-06-27,Venustiano Carranza,5053.0,20.0
1990,2020-06-27,La Magdalena Contreras,3099.0,26.0
1991,2020-06-27,Milpa Alta,3378.0,19.0
1992,2020-06-27,Iztacalco,7781.0,19.0
1993,2020-06-27,Cuajimalpa de Morelos,9926.0,20.0
1994,2020-06-27,Coyoacán,5713.0,29.0
1995,2020-06-27,Benito Juárez,3904.0,14.0
1996,2020-06-27,Iztapalapa,11305.0,20.0
1997,2020-06-27,Tlalpan,6482.0,23.0
1998,2020-06-27,Álvaro Obregón,4830.0,21.0
1999,2020-06-27,Cuauhtémoc,4137.0,8.0
2000,2020-06-28,Cuauhtémoc,4139.0,2.0
2001,2020-06-28,Tlalpan,6487.0,5.0
2002,2020-06-28,Iztapalapa,11312.0,7.0
2003,2020-06-28,Benito Juárez,3914.0,10.0
2004,2020-06-28,Coyoacán,5726.0,13.0
2005,2020-06-28,Cuajimalpa de Morelos,9931.0,5.0
2006,2020-06-28,Iztacalco,7787.0,6.0
2007,2020-06-28,Milpa Alta,3403.0,25.0
2008,2020-06-28,La Magdalena Contreras,3100.0,1.0
2009,2020-06-28,Venustiano Carranza,5067.0,14.0
2010,2020-06-28,Azcapotzalco,10725.0,5.0
2011,2020-06-28,Xochimilco,5737.0,15.0
2012,2020-06-28,Gustavo A. Madero,10342.0,15.0
2013,2020-06-28,Miguel Hidalgo,2698.0,2.0
2014,2020-06-28,Álvaro Obregón,4841.0,11.0
2015,2020-06-28,Tláhuac,4605.0,0.0
2016,2020-06-29,Tláhuac,4608.0,3.0
2017,2020-06-29,Cuauhtémoc,4141.0,2.0
2018,2020-06-29,Álvaro Obregón,4843.0,2.0
2019,2020-06-29,Tlalpan,6493.0,6.0
2020,2020-06-29,Iztapalapa,11314.0,2.0
2021,2020-06-29,Benito Juárez,3921.0,7.0
2022,2020-06-29,Cuajimalpa de Morelos,9933.0,2.0
2023,2020-06-29,Iztacalco,7791.0,4.0
2024,2020-06-29,Coyoacán,5730.0,4.0
2025,2020-06-29,La Magdalena Contreras,3104.0,4.0
2026,2020-06-29,Venustiano Carranza,5073.0,6.0
2027,2020-06-29,Azcapotzalco,10728.0,3.0
2028,2020-06-29,Xochimilco,5745.0,8.0
2029,2020-06-29,Gustavo A. Madero,10352.0,10.0
2030,2020-06-29,Miguel Hidalgo,2720.0,22.0
2031,2020-06-29,Milpa Alta,3420.0,17.0
2032,2020-06-30,La Magdalena Contreras,3104.0,0.0
2033,2020-06-30,Miguel Hidalgo,2720.0,0.0
2034,2020-06-30,Gustavo A. Madero,10353.0,1.0
2035,2020-06-30,Xochimilco,5745.0,0.0
2036,2020-06-30,Azcapotzalco,10729.0,1.0
2037,2020-06-30,Venustiano Carranza,5077.0,4.0
2038,2020-06-30,Milpa Alta,3420.0,0.0
2039,2020-06-30,Álvaro Obregón,4843.0,0.0
2040,2020-06-30,Cuajimalpa de Morelos,9933.0,0.0
2041,2020-06-30,Coyoacán,5730.0,0.0
2042,2020-06-30,Benito Juárez,3921.0,0.0
2043,2020-06-30,Iztapalapa,11314.0,0.0
2044,2020-06-30,Tlalpan,6503.0,10.0
2045,2020-06-30,Tláhuac,4608.0,0.0
2046,2020-06-30,Iztacalco,7791.0,0.0
2047,2020-06-30,Cuauhtémoc,4141.0,0.0
